Unnamed: 0	question	answer	gpt-4	verbalized
0	Janet's duck lays 16 eggs a day. She eats three for breakfast each day and uses four to make muffins for her friends each day. She sells the rest at the farmers' market for $2 a day for one duck egg. How many dollars does she make a day at the farmers' market?	18	$18	18
1	A robe takes 2 bolts of blue fiber and half that much white fiber. How many bolts in total does it take?	3	3 bolts	3
2	Josh decides to sell a house. He buys a house for $80,000 and invests $55,000 in repairs. This raises the price of the house by about 150%. How much profit will he make?	70000	$105,000	105000
3	James sets out to run three marathons three times a week. He runs 60 meters each time. How many meters does he run in a weekend?	540	180 meters	180
4	Each day, Wendi feeds her chickens three cups of chicken food, along with a mixture of fruits, nuts, and vegetables, at three different meals; in the morning, she feeds her flock of 15 cups; in the afternoon, she feeds another flock of 25 cups; and at the last meal of the day, if Wendi has a flock of 20 chickens, how many cups should she give them?	20	30 cups	30
5	Kylar went to the store to buy glasses for her new house. One glass cost $5, but each second glass cost only 60% of the original price. Kylar wants to buy 16 glasses. How much should she pay for them?	64	kylar should pay $104.	104
6	Toulouse has twice as many sheep as Charleson. Charleson has four times as many sheep as Seattle has. How many sheep do Toulouse, Charleson, and Seattle have together if Seattle has 20 sheep?	260	toulouse: 160 sheep, charleson: 80 sheep, seattle: 20 sheep. together: 260 sheep.	260
7	Carla downloads a two hundred GB file. It usually takes a minute to download two GB, but 40% of the way through the download, Windows forces a reboot in order to introduce an update. which takes twenty minutes. Then Carla reboots to do the download. How long did it take to download the file?	160	180 minutes.	180
8	John drives three hours at a 60mph convention and turns around because he realizes that he forgot to take an essential nap at home. He wants to get home in four hours but he spends the first two hours stuck in a queue of cars. He spends another half hour driving at a 30mph convention, before spending the remaining four hours at a 80mph convention. What is his rank at the end of those four hours?	45	john's rank cannot be determined from the information provided.	-1
9	Eliza was paid $10.00 for the first 40 hours of work each week and 1.2 times her hourly wage. If Eliza worked 45 hours this week, how much did she earn this week?	460	eliza earned $484 this week.	484
10	New plans had 60 downloads in the first month. The number of downloads in the second month was three times higher than the number of downloads in the first month, but then it increased to about 30% in the third month. How many downloads did the plans have in total over the three months?	366	312	312
11	Toula went to the bakery and bought a variety of cakes. She bought three dozen doughnuts priced at $68 a dozen, two dozen small cupcakes priced at $80 a dozen, and six dozen small cheesecakes at $55 a dozen.	694	$1232	1232
12	Carlos grows an orange tree. The tree costs $90 to plant. Each year he grows seven oranges, with a rat for $1.5. Each year it costs $3 to water and feed the plants. How many years does it take for him to start making money from the orange tree?	13	6 years	6
13	Melanie is a door-to-door saleswoman who sells three green cleaning supplies, two red cleaning supplies, and half a dozen orange cleaning supplies. If Melanie has five cleaning supplies left, how many did she start with?	18	11	11
14	In a class of 20 music students, 20% enrolled in performing contemporary music, 25% enrolled in jazz, and the rest enrolled in electronic music. What percentage of students enrolled in electronic music?	60	55%	55
15	A merchant wants to make a trade choice between two business plans: Gold is $5,000 or electronics is $8,000. His financial advisor expects metal sales to rise 2.5% while electronics will rise 1.2% in the same month. If this merchant wants to make the most profit at the end of the month by making a trade choice, what would this value be?	125	$5,125	5125
16	Two trains left San Rafael at the same time, traveling westward for about 80 miles [80 km] each, and the next day they traveled northward for about 150 miles [150 km].	230	the information about the distance in miles and kilometers seems to be mixed up. for clarity, if both trains traveled 80 miles westward and then 150 miles northward, the distances should be consistent within the same measurement system. assuming the correction, they traveled 80 miles westward and 150 miles northward.	150
17	Jill is paid $20 per hour to teach classes and $30 to be a wellness coach. If she works 51 weeks a year, 35 hours a week as a teacher and 15 hours a week as a coach, what is her annual salary?	57500	$71,775	71775
18	Claire cracks three eggs every morning for breakfast. How many eggs will she eat in four weeks?	7	84 eggs	84
19	Marissa walks a distance of 12 miles. She walks 4 miles an hour and then another 2 miles an hour. If she wants her average speed to be 4 miles per hour, what speed (in miles per hour) would she need to go the rest of the way?	6	4 miles per hour	4
20	I have a gallon of orange juice of which two-thirds is water and I want to add a gallon of 15 gallons of orange juice of which three-fifths is water. But as I pour it, I lose a gallon of orange juice. How much water is left in 24 gallons?	15	13.4 gallons	13
21	Raymond and Samantha are cousins. Raymond was born 6 years before Samantha. Raymond had a son at the age of 23. If Samantha is 31 now, how long ago was Raymond's son born?	14	14 years ago.	14
22	Billy sells DVDs. He had eight customers on Tuesday. His first three customers bought one DVD each. Two other customers bought two DVDs each. The last three customers didn't buy any DVDs. How many DVDs did Billy sell on Tuesday?	7	7 dvds	7
23	A candle melts by two centimeters per hour of burning. How many centimeters will the candle shorten if it burns from 1:00 PM to 5:00 PM?	8	8 centimeters	8
24	Kyle bought the best-selling book for $19.50. This included a 25% discount on the original price. What was the original price of the book?	26	$26.00	26
25	Marie bought a chicken dish for $12, five milk cartons for $3 each, four apples for $1.50 each, and some boxes of pizzas for a total of $50. How many boxes of pizzas did Marie buy if each box cost $8.50?	2	5 boxes	5
26	Mishka bought three pairs of socks, three pairs of underwear, and three pairs of shoes. One pair of socks cost $16.50; one pair of underwear cost $22.50; and one pair of shoes cost $42.	243	$243.00	243
27	Cynthia eats one scoop of ice cream every night. She buys 15 scoops of ice cream per scoop at a cost of $4.00 per scoop. After six days, how much will she spend on ice cream?	16	$24.00	24
28	Henry made two stops on his sixty-mile bicycle trip. The first stop was after he had covered twenty miles. The second stop was fifteen miles before he reached the finish line. How many miles did he travel between the first and second stops?	25	25 miles	25
29	Gloria buys a new pair of shoes each time a pair matches the price of a pair of shoes. However, she has to choose between a pair of high-heeled boots that cost $5 each to borrow more money than a pair of shoes. If the price of a pair of high-heeled boots is $33 and the price of the other pair is twice as high, how much is the shoe worth?	104	$66	66
30	If Darrell and Allen's ages are in the ratio 7:11, add them all together to 162, and subtract Allen's age from 10 years now.	109	36	36
31	Gunter tries to count the jelly beans in the jar. He asks his friends how many they think are in the jar. One says 80, another says 20, and a third says 25% more. What is their average guess?	80	55	55
32	John cares for ten dogs, each of which takes five hours a day to take for walks and to run their business.	35	50 hours a day.	50
33	Gretchen has 111 coins. There are 30 gold coins more than silver. How many gold coins does Gretchen have?	70	70 gold coins	70
34	If Raymond has 40 coins, how many coins does Siobhan have?	23	the question does not provide enough information to determine how many coins siobhan has.	-1
35	Mike spends 40 minutes playing ping-pong. In the first 20 minutes, he gets 4 points. In the second 20 minutes, he gets another 25% points. How many points did he get?	9	5 points	5
36	Terry eats two yogurts a day. They now sell four yogurts for $5. How much will he spend on yogurt and nuts for 30 days?	75	the information about the cost of nuts is missing, so it's impossible to calculate the total for yogurt and nuts. however, for the yogurt alone, terry will spend $75 in 30 days.	30
37	John plans to sell his toys and use the money to buy a set of video games. He has 13 sets of Lego bricks that he sells for $15 each. Later, he buys eight sets of Lego bricks for $20 each and has $5 left. How many Lego bricks does he have left?	2	john has 5 sets of lego bricks left.	5
38	John ran 60 miles a week three days a week for three and a half hours on the first day and two and a half hours on the second day.	10	john ran for two hours on the third day.	-1
39	If he jumps three miles per hour, how many miles will he travel in six hours if he spends one third of the time he runs and two thirds of the time he walks?	18	he will travel 6 miles.	6
40	Brandon's iPhone is four times as old as Ben's iPhone. Ben's iPhone is twice as old as Suzy's iPhone. If Suzy's iPhone is one year old, how old is Brandon's iPhone?	8	8 years old	8
41	The giant dragon, Perg, sat atop Farbo's mountain, breathing fire on everything from a distance of a thousand feet. Polly was able to shoot a gold javelin, the only magic weapon that would kill the dragon, for a distance of four hundred feet, while the dragon's fire also reached well. But when Polly held the sapphire gemstone, she would hit the javelin three times as hard as when she didn't have the gemstone. If she used the gemstone, how fast would Polly stand upright and hit the javelin dragon?	200	polly would stand upright and hit the dragon with the javelin from a distance of twelve hundred feet.	-1
42	Uncle Jones cut five apple pies for the firemen's lunch. He cut each pie into eight pieces and placed five pies on the dining table for the guests to serve themselves. At the end of the evening, when the guests had finished eating their own pies, there were 14 pieces left. How many pieces did the guests eat?	26	34 pieces	34
43	According to nutritional information, one bag of chips has 250 calories per serving. If a 300g bag has five servings, how many grams would you eat if your daily caloric intake is 2,000 calories and you have already eaten 1,800 calories?	48	60g	60
44	Charlie is trying to sell beeswax candles. For every pound of beeswax candles, he has a mouse to make ten beeswax candles. A pound of beeswax candles and its fibers cost $10.00 to get them. If he sells candles for $2.00 each, what is the profit if he sells 20 candles?	20	$30.00	30
45	Meredith is a freelance blogger who writes about health topics and passes them on to her employers every day as part of her day-to-day work. A blogging job takes an average of four hours to research and write about. Last weekend, she posted five times more on Mondays and two-fifths more on Tuesdays than on Mondays. On Wednesdays, she posted twice as many posts as she did on Tuesdays. Calculate the total number of hours she spent writing over the three days.	104	60 hours	60
46	Candice packed 80 Post-its into her bag before walking to work at a coffee shop. On her way, she stopped at the store to buy a packet of Post-its; at work, she put one Post-it on top of one of the 220 coffee cups waiting in line. If she had 23 Post-its left in all, how many Post-its were in the packet she bought?	163	223 post-its	223
47	John bought twice as many red tires as he bought blue ones. He paid $200 for a blue one that cost $40 apiece. How much did it cost?	800	$800	800
48	Tracy used a ten-foot-long [4.5 m] piece of wire to attach a tomato tree to the garden. The wire was cut in half, six inches long.	8	incorrect.	-1
49	Richard lives in a one-room building of 15 floors. Each floor has eight units, but three of the four units are already occupied. What is the total number of unoccupied units?	30	87 units	87
50	Lloyd owned an egg farm, where his flock produced 252 eggs a day at a cost of $2 per hen.	294	what is your question about lloyd's egg farm?	-1
51	Tom's boat will travel at a speed of ten miles per hour. He drives from 1 to 4PM. He returns at a speed of 6 mph. How long does it take him to get back?	5	5 hours	5
52	Uriah's book bag weighed more than a pound and a half, and each comic book weighed between a pound and a half and a pound and a half. If he had 30 comic books, how many would he have to carry?	15	30 comic books	30
53	A car repairman charges different fees to repair a flat tire on a car. A car repairman charges $60 for each flat tire he repairs, a car repairman charges $40. On Tuesday, a car repairman repairs six flat tires and four flat tires. On Friday, a car repairman repairs 12 flat tires but no flat tires. How much more money does a car repairman earn on a typical day of repair?	40	$440	440
54	The Doubtfire sisters were driving home with seven kittens from a nearby zoo when their mother called to tell them that two of their cats had just given birth to two kittens. She said that Patchy, the first cat, still had three kittens, while Trixie, the other cat, had 12. How many cats does the Doubtfire family have now?	40	24 cats.	24
55	Jean had 30 oranges, two of which she had eaten, and with the rest of the oranges, she wanted to put two packs of oranges in one bag.	14	14 bags	14
56	Peter is preparing to go to a movie this weekend. He usually gets a ticket for $7 and loses $7. If he has $42 for a weekend, how often does he have a mouse to go to a movie?	3	3 times	3
57	A wooden bed and a rack of no more than five thousand pounds. A service cart full of identical boxes, each weighing fifteen pounds, will cross the bed. The total weight of the driver on the cart is at least three thousand seven hundred and fifty-five pounds. What is the maximum number of boxes that can be loaded on the cart without exceeding the weight limit of the bed?	83	82 boxes	82
58	Stephen ordered an online meal. The cost was $40.00. Since the meal was on sale, they added 25% to the final cost and added $3.00 to the cost of the meal. Stephen also contributed $4.00. After the additional cost, how much did Stephen spend on food?	57	$54.00	54
59	A bush of raspberries has six clusters of 20 seeds each and 17 different fruits scattered throughout the forest.	187	137	137
60	A basket contains 25 oranges, of which one is damaged, 20 percent is brown, two are yellow, and the rest are good.	17	18 oranges are good.	18
61	She paid $500 for the materials and $800 to the jeweler to make it. Later, she paid 10% to get an insurance policy. How much did she pay?	1430	$1430	1430
62	If Mercy works for a laundry company for 40 years, she receives a $50,000 annual pension. From the age of 20, she is entitled to a 5% annual pension. If she leaves after 30 years, what will her annual pension be?	25000	$37,500	37500
63	Alena subscribed to a streaming service that charged her $140 a month. If the streaming company charged her 10% more for the first half of the year than for the second half, calculate the total amount she paid for the streaming service at the end of the year.	1596	$1,584	1584
64	Sophia is thinking about traveling by car, but she wants to know how far she can go with one tank of gasoline. She has traveled 100 miles since her last fill-up, but she needs to add another four gallons. According to her vehicle's manual, the tank holds 20 gallons of gasoline. How many miles can Sophia travel with one tank of gasoline?	300	500 miles	500
65	Jim spends two hours watching TV and decides to spend half that time in bed reading, doing so three times a week.	36	3 hours per week.	3
66	There are four schools that compete in the basketball championship. Each school has sent a women's basketball team and a men's basketball team but each has five players. Each school has sent a coach for each team. In total, how many people have all the schools sent?	48	64	64
67	A treasure hunter found a buried treasure chest filled with 175 diamonds, 35 rubies smaller than diamonds, and twice as many pearls as rubies.	595	105 pearls	105
68	There is twice the ratio of males to females in Dr. Wertz's school. If there are 60 females and 5 students to every teacher, how many teachers are there?	36	17 teachers	17
69	Bailley started with some money. Then he received $5 a week for eight weeks. At the end of eight weeks, if he had a total of $100, how much did Bailey start with?	60	$60	60
70	Judy teaches five music classes, daily, on weekdays, and eight classes on Saturdays. If each class has 15 students and she charges $15.00 per student, how much does she make in a week?	7425	judy makes $6,750.00 in a week.	6750
71	Kelian has two recipes, one with 20 ingredients and the other with twice as many ingredients. How many recipes will Kelian have to read in order to prepare both?	60	2	2
72	Tommy raises money for his help by selling a piece of brown bread for $3 and a piece of cheesecake for $4. If Tommy sells a piece of brown bread for $43 and a piece of cheesecake for $23, how much money does Tommy get?	221	$66	66
73	Sheila bought five phones for $150 each to pay the monthly rent for three months. There will be a 2% surcharge for each month. How much more will Sheila have to pay each month for three months?	255	$15.00	15
74	Artie has a flower pool at the Farmers Market. He sells three types of flowers: marigold, petunia, and begonia. The highest bid is $2.74 for a jar of marigold, $1.87 for a jar of petunia, and $2.12 for a jar of begonia. Artie has no money today, so he decides to match all prices to the nearest dollar. If Artie sells 12 jar of marigold, 9 jar of petunia, and 17 jar of begonia, how much money will he get?	88	artie will get $83.	83
75	Luke was spending time on the beach building sand houses. He eventually figured out that each sand house would have a floor that was half the square footage of the one below it. If it was a four-story sand house and the top floor had 16 squares, what was the average square footage of its one floor?	60	272 squares	272
76	Cecilia has just bought a new puppy. According to her veterinarian, she will feed the puppy one cup of dog food a day for the first 800 days. Then she will start feeding the puppy two cups of dog food a day for the rest of her life. If one dog food bag contains 110 cups, how many dog food bags will Cecilia use for the first dish?	5	8 bags	8
77	If Raymond does half as much laundry as Sarah does, and Sarah does four times as much laundry as David does, add up the difference between Raymond's and David's laundry if Sarah does four hundred pounds.	100	360 pounds	360
78	Vincent has a mouse that buys three bouquets of flowers for $2.50 or two bouquets for $1. And how much money does he save by buying 18 flowers at a better price?	6	vincent saves $3.00.	3
79	John picked up a dog. He was taking the dog to the trainer, which cost him $100. The trainer gave him a 30% discount for being a new customer. How much did the training cost?	70	$70	70
80	How many liters of water will be left over? Two girls will each have 1.6 gallons [24 L] of water, and one boy will have 6 gallons [6 L].	10	30 l	30
81	Charlie had ten posters. He bought 21 posters from a department store and received 23 posters for his birthday. Then Charlie gave his sister the nine posters and decorated 28 with greeting cards. How many posters did Charlie have left?	17	17 posters	17
82	Grace weighs 125 pounds; Alex weighs two pounds four times as much as Grace does; how much do they both weigh?	623	grace and alex together weigh 625 pounds.	625
83	Dan planted three rose bushes. Each rose bush had twenty-five roses. Each rose bush had eight thorns. How many thorns were there in total?	600	24 thorns in total.	24
84	A soccer team played 22 games, winning 8 more than they lost.	15	they won 15 games and lost 7 games.	7
85	Gene wears a quilt from old gifts. He has a quilt from every vacation he went on. Each quilt has its own quilt block. Each row of quilt blocks is made from different vacations he went on in a year. He goes on four vacations a year and has been on vacation since he was 23 years old. There are 34 quilt blocks. How many quilt blocks does he have in total?	44	136 quilt blocks.	136
86	Greg set the bell to ring three times a day as a reminder. When the bell rang, it rang until Greg turned it off. The first time it rang today, it rang four times. The second time it rang, it rang three times faster than the first time. The third time, it rang half as fast as the second time. How many times did the bell ring in full?	22	the bell rang 20 times in full.	20
87	A company pays each of its employees $600 a month. The company has a policy of increasing the annual salary of each of its employees by 10% of the initial salary for those who have been with the company for five years. If Sylvie completed five years with the company last December, what is her annual salary after working for another three years?	9360	$7,920	7920
88	If 88,000 copies of Marilyn's album were sold, how many copies did Harald sell?	8000	44,000 copies.	44000
89	Christina is planning her birthday party and needs .75 gift bags for each guest, because four of the guests didn't show up. She invited 16 friends. Each gift bag is $2. How much will it cost?	24	$24	24
90	Ted the T-Rex plans to bring a mouse salad to a dancing party. He knows that an adult mouse will eat a 10lbs mouse, and a baby will eat half a pound of the adult's food. If there are 20 adults and 5 kids at the party, how many mouse salad does Ted need to bring to the party to feed a mouse to each person?	225	205 lbs	205
91	Jan has three times as many coins as Marcia. Marcia has two more coins than Cindy. If Cindy has four coins, how many coins do the three of them have in total?	28	25 coins	25
92	Emily has four children - Amy, Jackson, Corey, and James - and Amy is five years older than Jackson and two years younger than Corey.	4	amy is the second oldest child.	-1
93	Lee used to run the 400-meter hurdles two seconds faster than Gerald would run the 400-meter hurdles. But Gerald changed his diet, which improved his speed by 10%. If Lee runs the 400-meter hurdles in 38 seconds, how fast would Gerald run, with his acceleration, the 400-meter hurdles, in seconds?	36	34.2 seconds	34
94	In a neighbourhood, the number of rabbits used as pets is twelve times less than the number of dogs and cats in the house. If there are two cats for every dog, and sixty dogs, how many pets are there in the neighbourhood?	348	222 pets	222
95	Of the 200 fifth-grade students, two-fifths are boys and two-thirds are girls in girl scouts. How many girls are not in girl scouts?	40	40 girls are not in girl scouts.	40
96	Harry slept an average of nine hours a night, while his brother and sister slept only two-thirds as much.	3	6 hours	6
97	When Freda cooks canned tomatoes into the sauce, they lose half their volume. Each 16-ounce can contains three tomatoes. The last tomato sauce Freda made contained 32 ounces of sauce. How many tomatoes did Freda use?	12	freda used 12 tomatoes.	12
98	If there are 30 cars on the road, how many cars are there in the first 15 minutes of the blockade? If there are 30 cars in the first 15 minutes of the blockade, how many cars are there in the first 15 minutes of the blockade?	5	30 cars	30
99	Mary, an avid gardener, had received 18 new potted plants from her favorite nursery last night, and she already had two potted plants in each of the 40 corners of her mansion. Out of generosity, she decided to give her friends and family a plant from each corner the next day.	58	800	800
100	Jerome had four friends who visited him on the same day: The first knocked 20 times before Jerome opened the door, the second knocked one-fourth as many times, the third knocked 10 times more than the fourth, and the fourth knocked 60 times.	175	the second friend knocked 5 times.	5
101	Solo had to read four pages of his science textbook, 20 pages of his social studies textbook, seven pages of his history textbook, and eight pages of his geography textbook. Solo read 15 pages on Monday. If he had 4 more days to finish all his reading, how many pages did he read, on average, in one day?	6	9.25 pages	9
102	John likes to have a glass of water for breakfast, lunch and dinner. At the end of the day he drinks one before going to bed. John does this on weekdays, but on weekends, he prefers to have a soft drink for dinner instead. How many glasses of water does John drink per week?	26	john drinks 19 glasses of water per week.	19
103	It takes 10 minutes to cover every three miles of the city. If the city is 42 miles across the river from the seafront to the other side, how many minutes does it take for the flag to cover the entire city?	140	140 minutes	140
104	Poppy counts a thousand marbles. She puts a quarter of them on the board, and her mother puts a third of the remaining marbles. How many marbles are left?	500	500 marbles are left.	500
105	Cody eats three times as many cookies as Amir does. If Amir eats five cookies, how many cookies do they both eat?	20	20 cookies	20
106	John has three baskets. Each basket is five inches by six inches by four inches. Its sides are one inch thick. How big are all three baskets?	72	45 cubic inches each, 135 cubic inches in total.	135
107	Frankie watches TV after finishing his homework every night. On Mondays and Tuesdays, he watches an hour's episode of his favorite show every night. On Wednesdays, he watches a few episodes of a 30-minute show. On Thursdays, he finishes his homework on time and watches an hour-and-a-half episode. On Fridays, he has to be awake for the weekend, so he watches two one-hour episodes. If he spent seven hours watching TV, how many 30-minute episodes did he watch on Wednesdays?	3	he watched 2 episodes on wednesday.	2
108	Henry, a baker for a wholesale baking contest, wanted to bake twice as much bread as he could have baked, and when he finished baking, he realized that he had used 15 more than he should have, and that he had taken out five loaves of bread as he was taking them out to cool, and now had 110 loaves of bread.	50	henry could have baked 60 loaves of bread.	60
109	A local gas station sells gas for $3.00 per gallon. The app company offers a $0.20 refund if you go to this station. If someone buys 10 gallons of gas, how much will it be, after the refund?	28	$28.00	28
110	Marcell and Beatrice compete to see who can eat the most roll-ups, so they bet on how many packs each of them has. Kosinadi makes a mistake, but Beatrice's is two roll-ups spread over 24 roll-ups and Marcell's is three roll-ups spread over 14 roll-ups. If they both ate all the money they bought, how much did they eat on average?	45	18 roll-ups	18
111	Julia's boat began to lose its way when it left the lake. The boat took 2 liters of water to reach the bottom of the lake. It took 16 seconds to reach 20 feet. The bottom was 64 seconds away. How much water did the boat take when Julia reached the bottom?	16	8 liters	8
112	A classroom has a whiteboard that is divided among four teachers who spend time in a queue using the classroom for cleaning. Each teacher has two cleaning tables per day and uses a whiteboard for each lesson. If the whiteboard is cleaned three times during each lesson, how many times is the whiteboard cleaned per day?	24	24 times	24
113	Ryan planted two flowers in his garden that day. After 15 days, how many flowers did he have?	25	two flowers.	-1
114	Jamal's phone has six times more mice than Brittany's. Especially since Brittany's phone has 50 times more mice than the bird in Jamal's picture with the duck in the zoo. If Jamal's phone has 1,800 mice, how many mice do you have to see that Jamal's duck is in the zoo?	6	300 mice	300
115	Sasha found that the value of the lumba had gone up by 50% in the last few months after buying some lumba. Since she had some left over, she decided to sell them. She had 2 x 4 x 10 trees left that cost $10 each, and 4 x 4 x 10 trees she bought for $16 each. If she sold them all, how much profit would she make?	90	sasha would make a profit of $1,120.	1120
116	Katy brews a cup of coffee with 713 teaspoons of sugar and a glass of water. If she brews a cup of coffee with 120 teaspoons of sugar and a glass of water, how many teaspoons of sugar did she use?	42	833 teaspoons	833
117	John bought two palm fronds for his three children for $60 each.	360	$120	120
118	A customs official at SeaSide counted two containers loaded with five trucks each, and the next day more were loaded, bringing the total to 30. What would be the number of containers loaded on the second day if there were five trucks?	4	4 containers	4
119	Adrien's total salary is 30 percent higher than Lylah's. After four years, her salary has increased, and she receives 40% more than she did four years ago. If Adrien and Lylah's salary increased at the same time, and Adrien received $40,000 four years ago, what is the total salary they both receive four years later?	95200	$123,200	123200
120	If there are 30 sheets of paper to make one sheet of paper, how many sheets does Miguel use each month?	240	this question lacks sufficient information to provide a specific answer.	-1
121	Morisette brought five apples and eight oranges, while Kael brought two and a half times as many apples as Morisette.	27	12.5 apples	12
122	Sadie slept eight hours on Monday. The next two days, she slept two hours less, each time, because she used it to make a face mask. If the rest of the weekend she slept an hour more than those two days, how many hours did she sleep in all those weekends?	48	sadie slept 38 hours in total over those weekends.	38
123	Rosie had to run 10 miles per hour for three hours; then she ran five miles per hour; how many more miles could she run in seven hours?	50	25 miles	25
124	Jennie helps in her mother's office. She has a pool of sixty large letters that need stamping in a pool of large letters that have already been stamped. She has stamped one-third of the letters that need stamping. If there are now thirty letters in a pool of stamped letters, how many letters were in the pool when Jennie started?	10	20 letters	20
125	Julia is preparing a dinner party at her home, as she intends to prepare a soup. She notices that she has no more plastic spoons, so she buys a new pack of spoons. Later, her husband buys five new packs of spoons and gives them to Julia. While Julia is cooking the soup, she uses three spoons to test her soup. Later, when she goes to set the table, she has a total of 12 spoons.	10	8	8
126	Dylan wanted a chicken sausage and a fish sausage to make a sausage for the party. He bought 38 chicken sausages and six times as many fish sausages as chicken sausages. How many sausages did Dylan buy in all?	82	dylan bought 266 sausages in all.	266
127	After moving to a new school, Amy had 20 more friends than Lily did. If Lily had 50, how many friends did Lily and Amy have together?	120	120	120
128	Mother Well sells watermelon, peaches and oranges at the local store. A watermelon costs three times the price of any peach. The price of an orange is five times less than the price of watermelon. Dillon was sent to the store to buy four watermelons, twenty peaches and ten oranges. How much would he spend in total if the price of a peach was $15?	880	dillon would spend $660 in total.	660
129	A hospital sees 500 people a day. Each patient is seen for an average of 24 minutes. Doctors charge $150 an hour at the hospital and hospitals charge patients $200 an hour. How much profit does the hospital make from these visits?	10000	$62,500	62500
130	Nissa hired overtime workers to play the role of elves in her store in Santa Fe. One-third of the workers quit after being kicked by children, and ten percent quit after being kicked by children. How many elves are left?	30	80% of the original number of elves are left.	80
131	Joseph's expenditures in May were $500. In June, his expenditures were $60 less. What was the total of his expenditures in the two months?	940	$940	940
132	Pam and Fred went to a party, Pam won the roller coaster twice and Fred won it four times. Afterward, they decided to ride the luge twice each. If each rider received six tickets, how many tickets did they spend that day?	60	they spent 36 tickets.	36
133	On Monday, Walt walked a mile. On Tuesday, he walked six times as many four miles as he did on Monday. His total from Monday to Wednesday was 41 miles. How many miles did he walk on Wednesday?	13	34 miles	34
134	Tom gets his car washed four times a month. If each car he washes costs $15 how much does he spend on cleaning?	720	$60	60
135	Brian's friend Bobby has five video games three times as much as Brian does. If Brian had 20 video games but lost five before this test, how many did Bobby have?	40	15	15
136	There are 27 horse breeds left in the world, one third of them in the Scottish Highlands, and two thirds of Scottish horses are females.	6	6	6
137	Rory suggested buying two soaps for $7.50 each, two bags of gum for $1.50 and two cookies for $1.00 each for the move. There was a 20% move fee added to the deposit if she wanted to make a $5.00 voluntary donation. How much would the move cost?	29	$31.20	31
138	Yesterday, Mark took a 75-question test, which he did with an average of five questions per hour, and today he took another 100-question test, which he did with an average of five questions per hour. If Mark had eight hours to complete the first and six hours to complete the second, how many questions did he have left unanswered?	105	40 questions	40
139	In a candy machine, there are 22 times as many pink balls as there are blue balls. If there are 12 blue balls of pink, how many are there?	70	264	264
140	Of the remaining 20 cars for rental, 12 are fully automated, 4 are semi-automated and the rest are semi-automatic.	20	4	4
141	There were seven hundred monkeys in the room. There were twice as many monkeys as there were monkeys, and there were twice as many children as there were queens. How many monkeys were there?	400	seven hundred monkeys.	-1
142	Jordan plays video games for two hours a day and works part-time as a waiter for $10 an hour.	140	jordan earns $20 a day from his part-time job.	20
143	John bought milk for two dollars, eggs for three dollars, a light bulb for three dollars, a glass for three dollars, and a firecracker for four dollars. If there is a 10% tax on non-food items, how much is everything?	16	$16.60	16
144	Kim had started a home security business and was calculating how much profit she would make from her clients. She already had three clients, but she was talking to five other clients and was so trusting that she included them in her conventions. Each client's house would require two bottles of blich and a laundry bag. The blich bottle would cost $2 and the laundry bag would cost $5 for one. This was her only budget. She calculated that her total weekly income would be $92. What is the difference between the profit made and the money spent, so how many dollars would Lucas make per week?	20	lucas would make $48 per week.	48
145	John has 10 hectares of cornfields. There are 100 cornfields per hectare. John will harvest his cornfields every 3 months. How many cornfields will John harvest in a year?	4000	40,000 cornfields	40000
146	Johnny is playing with a sledgehammer on the floor of his house, and he pulls out a Lego that has 500 bricks on the floor, another that is three times the size of the original 500, and another that is one-fourth the number of bricks.	2,125	1500, 125	1500125
147	Debra observed the number of bees coming and going in a day. She saw thirty bees leaving the zoo in the first six hours, and she saw that one-half and many bees returned in the next six hours. She saw twice as many bees as she had previously seen leaving the zoo flying out of the zoo and leaving in the next six hours. When any of the bees that had not returned returned returned to the zoo in the next six hours. How many animals did Debra see return to the zoo in the last six hours of the day?	75	15 bees	15
148	Brittany and her mother go to an art museum. The entrance fee is $12 for adults and $10 for children. Brittany's mother gives the collector a ticket for a child and a ticket for an adult. If she receives a change of $8, how much, in dollars, did she help the collector?	30	$14	14
149	Charlie has three times as many Facebook friends as Dorothy. James has four times as many Facebook friends as Dorothy. If Charlie has 12 Facebook friends, how many Facebook friends does James have?	16	16	16
150	Steve lives three miles from school and has a bicycle speed of 440 beats per minute. Tim lives two miles from school. If Tim has a skateboard speed of 264 beats per minute, how long will the winner be at home before the loser finishes the race?	4	1 hour.	1
151	Shawnda decided that her neighborhood kids could actually use the air conditioning service on bicycles. She decided that the best way to pay the bills was with tires. Each tire cost 25 cents to put air in. On the first day, five people on bicycles came to put air in both tires. Three came to put air in all three horse tires. Finally, one person actually came on a horse. How much money did he make that day?	5	$4.50	4
152	Carl buys ten packs of cookies, each packed with six loaves of bread, each for $0.10. How much extra money would Carl get if he paid with a $10 bill?	4	$9.40	9
153	Dave bought a large package of french fries and ate 14 before a hungry seagull stole the package from his hand. When the seagull came down, he quickly ate half of Dave's french fries. Three pigeons snatched it and the food, each pigeon ate three french fries. Then, the pigeon stole two-thirds of the remaining french fries. The last ant took out the remaining french fries, leaving five behind. How many french fries were in the package when Dave bought it?	48	dave bought 76 french fries.	76
154	On Mondays, Wednesdays, and Fridays, Kimo's college student had one-hour classes three times a day. On Tuesdays and Thursdays, he had two-hour classes each day. In one semester, there were 16 weeks of schooling. In one semester, how many hours did Kimo spend in class?	272	kimo spent 168 hours in class in one semester.	168
155	Bill makes 300 rolls, 200 croissant chocolates, and 60 baguettes every day. Each roll is four inches long, each croissant is six inches long, and each baguette is two feet long. If Bill were to put the nille products he made on each end, how long would they be in feet?	280	3,740 feet	3740
156	A zookeeper who feeds a human in a zoo. He counts all the bananas from a nearby farm every two months. If a monkey needs 200 bananas, a rooster needs 400 bananas and a frog needs 100 bananas per month, how many bananas should he buy to have a mouse for two months?	1400	the question does not provide information on how many bananas a mouse needs, so it is impossible to calculate the number of bananas required for a mouse for two months.	-1
157	Blake and Kelly compete to see who can run the fastest in 15 minutes. They decide to do it on a football field that is one hundred yards long. Blake runs the fastest 15 times. Kelly runs the fastest once, then decides she doesn't want to run next to Blake, so she starts running to the 40-yard line and back. She does this 34 times. How much longer does the winner run than the loser?	80	kelly runs 760 yards longer than blake.	760
158	Raphael could have bought some school supplies. He bought four pens that cost $1.5 each, two pencils that cost $4 each, and a wrapped book that cost $20. How much did Raphael spend on all of this?	34	raphael spent $34.	34
159	Finn watches eleven baby raccoons swimming in the pool, and then he sees six emerge from under the lily pads, and then he sees two more hiding under a rock.	15	19	19
160	The water tank had a depth of 17 feet on Monday. On Tuesday the water tank had an additional seven feet. On Wednesday, the water tank was two-thirds as deep as it was on Tuesday. What was the water tank on Wednesday?	16	16 feet	16
161	Anakin and Locsin went out to sea today. Anakin caught ten starfish, six seahorses, and three clownfish. When Locsin caught five fewer starfish than Anakin, three fewer seahorses than Anakin, and two more clownfish than Anakin. How many fish could they catch?	32	they caught 6 fish in total.	6
162	If a sack of marble drops $20 and the price rises 20% from the original price every two months, how much will the sack of marble fall after 36 months?	92	$320	320
163	Inside, there are various toys: a red car, three figs, and a doll. The doll costs as much as three figs and a red car cost $4. How much do all the children's toys cost, if a figure means $5?	50	$39	39
164	Jackie is trying to decide whether to file a tax return or rob a bank account. If she does the tax return, she will have to wait three hours less, and lose $35/hour in late payment. The accountant charges $90. How much more would she make if she robbed a bank account?	15	this question involves illegal activity, which i can't provide assistance on.	-1
165	For her 30th birthday, Elvira chose a new computer with many features as a gift. She had a budget of €1500 that her whole family had given her and thought she would be able to save a little money to get more clothes. She went to a computer store and chose a machine that cost €1090 that had a screen, keyboard and mouse. She also had a scanner for €157, a CD burner for €74 and a printer for €102.	77	elvira spent €1423.	1423
166	Sandra's neighbour gives her nine baskets of eggs for every time she takes her daughter. To make Spanish fries, she uses three eggs. If Sandra is assigned to make 15 Spanish fries for her school's business, how many times should Sandra take a baby?	5	5 times	5
167	Seth is twice Brooke's age, so in two years, they will be 28 years old.	16	12, 24	24
168	If Ethel has $8, how much money does Jimmy have?	18	jimmy has $5.	5
169	Pancho walks 20 miles a day. Except on weekends when he walks 10 miles. How many miles does he walk in a week?	120	130 miles	130
170	Musicians line up to bid on new uniforms. One of the uniforms carries a cap that costs $25, a jacket that costs three times the price of a hat, and a coat that costs an average of the price of a cap and a jacket. How much do uniforms cost in total?	150	$140	140
171	As Jake passes through the Museum of Entomology, he sees 80 eight-legged spiders, 90 six-legged lizards, and three 10-legged invertebrates.	1210	173	173
172	There are four birds in Caboose. Sally Two is three years older than Granny Red. Granny Red is twice as old as Sally Four. If Sally Four is as old as Sally Thirtytwo, and Sally Thirtytwo is eight years old, what is the total age of the four birds?	51	the total age of the four birds is 50 years.	50
173	Jessica's student loan has a $300/month minimum, her credit card has a $200/month minimum, and her mortgage has a $500/month minimum. If Jessica wants to pay more than the 50% minimum, how much does she pay in a year?	18000	$18,000	18000
174	Billy is cutting and chopping onions for making salad for the family's homecoming celebration. It's a big celebration, so he has sixty onions to cut through. The onions are about the same size, so it takes one minute to cut and cut one. It takes Billy about a minute and a half to cut one onion, but only five seconds to cut it. How long will it take Billy to prepare all the onions?	95	90 minutes	90
175	Juan and his brother Carlos sell lemonade. For each gallon they make an average of $3 for lemon and $2 for sugar. They sell each cup for $0.50 and get twenty cups for each gallon. If they made $25 in profit, how much did they spend on lemonade?	15	$15	15
176	Of the 240 Asian athletes, 80 were Japanese, and the rest were Chinese. If there are 60 boys, how many girls?	100	180 girls.	180
177	Zaid spends one-fourth of his salary on rent, one-third on gasoline and donates half of the rest to his favorite charity. He gives his daughter $200 to cover his weekly expenses and his wife $700 for a budget for groceries and other household items. If Zaid earns $6000 a month, how much money will he have left after all these expenses and donations?	350	$1,350	1350
178	Rani has ten more than Monic, whose number is four less than Bo's. If Bo has forty, calculate the total number of connections the three people have together.	122	116	116
179	Lloyd was paid $10 an hour for evening classes; he taught five hours the first week and eight hours the second week.	130	$130	130
180	If the winner receives three-fourths of the votes cast in a class of 80 students, how many votes does the loser get?	20	20 votes	20
181	Sandra, a neighborhood florist, is unhappy that having Fred isn't enough. Sandra sells four times as many red roses as white carnations. She sells 200 pink calla lilies, five times the number of white carnations. Sandra has threatened to change suppliers if she doesn't bring the missing red roses by 5 p.m. To save Sandra's business, how many red roses does Fred have to deliver by 5 p.m.?	160	fred has to deliver 160 red roses by 5 p.m.	5
182	Jean is two years younger than Mark, and Mark is five years younger than Jan. If Jan is 30 years old, how old is Jean?	23	23 years old	23
183	Two teams compete in the 400-meter relay, a race in which each team has four members who each run 400 meters, or one leg, around a flag. One of the two teams is the fastest and each member runs 400 meters in exactly 55 seconds. The other is the least efficient; the first runner runs 460 meters after each runner must be four seconds faster than the next runner. Using this information, how many seconds do the fastest teams have to win the race?	2	20 seconds	20
184	How else could he have the mouse measure it (expressed as a percentage) to be three times the number than he had the mouse measure two times the number?	25	150%	150
185	Jenna and her mother picked half as many apples as her mother did in their apple orchard. If her mother got 20, how many apples did they each pick?	30	jenna picked 10 apples, and her mother picked 20 apples.	20
186	Russell works in a pet store and divides the grass between the boundaries. The boundaries are set in three equal sections with each section being given six pieces of grass. There are ten hamster sections separated with each hamster receiving five pieces of grass. There is also a forest room where two pieces of grass are distributed between the rabbits. There is no grass for weeding elsewhere in the store. If 160 pieces of grass are divided into smaller sections, how many are in one section?	5	20 pieces of grass are in one section.	20
187	Mandy owed Benedict $100. They agreed to a monthly interest rate of 2%. If Mandy could pay it off in three months, how much would she give Benedict?	106	$106.12	106
188	If it cost $2 to transport a sack of wheat from the farm to the warehouse, but the merchant made $400 after selling all the sacks for $30 a sack, how many sacks did he sell?	50	20 sacks	20
189	Three friends spent $20.25 on three tickets for the show. They spent $4.50 more on food than on tickets. They also went on two separate rides that cost $33 each. If they decided to divide the total cost equally, how much did each person pay?	34	each person paid $30.25.	30
190	John takes peaches for three hours. He has a mouse to take two peaches in a minute. How many peaches did he get?	360	360 peaches	360
191	A duck needs to eat three to five pounds of meat each week to survive. If there are ten ducks, how many pounds of meat do they need to eat each day?	5	30 to 50 pounds per week, which is approximately 4.3 to 7.1 pounds per day.	7
192	Tom plants ten trees in a row. Each row he cuts down two trees per row. He started with fifty trees. After ten years 30% of the trees died. How many trees did he have left?	91	33 trees	33
193	On Friday morning, the neighbors placed 18 pink plastic flamingos in front of Sue's house. On Saturday morning, the neighbors returned a third of the flamingos, painted them white, and put the newly painted flamingos back in front of Sue's house. Then, on Sunday morning, they added another 18 pink plastic flamingos to the collection. On Sunday afternoon, how many more pink plastic flamingos were taken out than white plastic flamingos?	24	12	12
194	Violetta wants to buy a new oatmeal. She wants them in different colors and has spent $20 to buy this one. One oatmeal costs $2. How much money will she get?	10	$18	18
195	A pencil costs more than a pencil and a eraser combined. A free pencil costs $1.20 and a eraser $0.30. How much would eight pencils cost?	12	$9.60	9
196	Two hundred pounds will be distributed to forty restaurants in a city. Each restaurant will receive two pounds. How many pounds will not be used?	120	one hundred and twenty pounds.	-1
197	In the city of Soda, there are exactly 23786 inhabitants. They include 8417 men and 9092 women. The rest of the population is made up of children. How many children are there in Soda?	6277	6277	6277
198	Elaine started out with 20 Pokemon cards. A month later, she received three times that number. The second month, she received 20 fewer than the first month. The third month, she received twice as many Pokemon cards as the first and second months. How many Pokemon cards does she now have in total?	320	elaine now has 280 pokemon cards in total.	280
199	Mark is an editor. He edits an equal number of sentences each week for two different publishers, each paying him a different price per sentence. Publisher B pays Mark twice as much as publisher A. Mark edits a total of one thousand sentences each week and is paid five cents per sentence by publisher A. How much does Mark earn per week, and cents?	7500	mark earns $75 per week.	75
200	Baldur gets water from a well. He gets five gallons of water every morning and six gallons of water every afternoon. If each gallon contains five liters of water, how many liters of water does he get per day?	55	55 liters	55
201	John receives a bonus at work. This bonus consists of a one-time payment of $5000 plus a 5% increase in salary. If he receives 2000 a week, every week of the year and he receives a bonus on the first day of the year how much did he earn that year?	114,200	$109,000	109000
202	Josie's ten-acre vineyard produces five grapes per acre, two barrels of wine per grape, and how many barrels of wine per grape?	100	two barrels of wine per grape.	-1
203	Carl's favorite food is cheese. He ate one sandwich every day this week for lunch taking two pieces of cheese for each sandwich. He ate cheese and omelet for breakfast three days a week with one more piece for each omelet than a sandwich. He cooked a large meal of macaroni and cheese to steal his dinner for the week and used 8 pieces of cheese in it. How many pieces of cheese did he use?	31	31 pieces of cheese.	31
204	Janet has twenty-two green beads and ten yellow beads. Then she buys a bag of blue beads and a bag of red beads. There are nine blue beads in each bag and six beads in a bag of red beads. How many beads does Janet have?	98	janet has 47 beads.	47
205	Brinley is in Mr. Bert's evening class. Mr. Bert gives six exams in each semester. He allows students to remove the maximum and average marks in each semester. If Brinley has scores of 89, 71, 92, 100 and 86 in the first five exams, what score would he need in the sixth exam to get an average of 93?	98	95	95
206	Michael loved cycling. He gave it a try five times a week and rode 25 kilometers each time. He did that for four weeks, then decided to ride the bike only twice a week, but for 60 kilometers each time, and did that for three weeks. How many kilometers did Michael ride in total?	860	1,010 kilometers	1010
207	The Halloween Joe bag contains 25 chocolates and 80 apples. Each chocolate weighs twice as much as each apple. If each chocolate weighs 40g, how many bags of Joe's are there, in grams?	2600	the total weight of joe's bag is 5,200 grams.	5200
208	Rose went to the store on Monday and bought four cakes. On Tuesday she went to different stores and bought three times the number of cakes. On Wednesday she went to another store and bought five times the number of cakes she had bought on Tuesday. How many cakes did she buy after all three days?	76	172 cakes	172
209	Twenty dozen cups were worth $1,200, about half the total price of a dozen plates sold for $6,000 each.	145	$60,000	60000
210	Sara is about to buy herself a jacket and a pair of shoes. The jacket she wants is $30 and the shoes are $20. Sara takes care of her neighbor's kids four times and gets $5 for each time she does. Her grandmother pays her $4 for every time she cleans the house. If Sara has already saved $10 before she starts taking care of the children, how many times will she have to clean the house before she can afford to buy the jacket and shoes?	10	sara will have to clean the house 5 times.	5
211	Jerry has a flock of chickens. The red hen lays three eggs a day and the white hen lays five eggs a day. Jerry collects 42 eggs a day. If he has two more white chickens than red chickens, how many red chickens does he have?	4	jerry has 4 red chickens.	4
212	Gary enjoys walking around the neighborhood park, a one-and-a-half-square-mile stretch along the main road. If he walks three miles per hour, how many hours does it take him to walk?	5	2 hours	2
213	At the dollar store, Sloane counted 100 customers entering the store, and the next day he counted 50 more than the previous day. If the total on the third day was 500, how many customers did he count on the third day?	250	500 customers	500
214	Jerry has two ponds, both with openings that discharge about four gallons of water per minute. Four minutes would have gone by, the larger pond has twice the water capacity of the smaller pond. Now the larger pond has four times the water capacity of the smaller pond. How much water is in the smaller pond?	8	8 gallons	8
215	Lori wants to buy $320.00 shoes and $32.00 matching straps. Her overtime job pays her $8.00 an hour. How many hours will she have to work before she can afford to buy something?	44	40 hours	40
216	Janeth borrowed $2,000 and promised to pay it back at 10% interest. If she had to pay $165 a month for 12 months, how much would Janeth have to pay for that time?	220	$1,980	1980
217	There are four roses in the pot. There are seven more dahlias than roses in the pot. How many flowers are in the pot in total?	15	15	15
218	Adrian is three times older than Harriet, and Harriet is half as old as Zack. What is the average age of the three over three years if Harriet is now 21 years old?	45	adrian is 63, harriet is 21, zack is 42. the average age of the three over three years is 45 years.	45
219	Four students scored a total of 251 points in the board game; Naomi scored 68; Yuri scored 10 more than half, and Naomi and Brianna scored 17 points more than Naomi.	54	naomi scored 68 points, yuri scored 45 points, brianna scored 85 points, and the fourth student scored 53 points.	53
220	Carmen finishes a crossword puzzle in ten minutes and a sudoku puzzle in five minutes; over the weekend, she finishes three crossword puzzles and eight sudoku puzzles.	70	65 minutes	65
221	With a tank filled with 120 liters of water, Celine has used 90 liters of water in her small garden, and now she can collect twice as much rain.	90	240 liters	240
222	Andy planted 90 geraniums and 40 petunias more than geraniums. How many flowers did he harvest?	140	130 flowers.	130
223	A company spends $15,000 on advertising for one year, then spends three times that amount on advertising for the next year. What is the total amount the company spent on advertising for these two years?	20000	$60,000	60000
224	Carlos paid $30 an hour for a banana boat, and Benji paid $18 an hour for a banana boat. If Carlos drove the boat for three hours and Benji for five, how much would they both pay for the trip?	180	$186	186
225	Andrew plans to travel by road from New Jersey to Rochester. It takes six days to travel by bus and half a day to travel by car from New Jersey to Rochester. How many days would he travel if he planned to travel by bus to Rochester and back to Rochester by car?	9	6.5 days	6
226	James is counting his Pokemon cards. He has 30 cards of light, 20 of green, and 40 of water. If he throws away 8 of green and buys 14 of green, what is the percentage chance (corrected to the nearest number) that the randomly selected card will be water?	33	34%	34
227	Chad sells a homemade burrito for lunch. The basic burrito is $6.50. He adds meat for $2.00, another cheese for $1.00, coconut for $1.00, and two sausages for $0.25 each. He decides to promote his food for an additional $3.00 which will add chips and a glass of wine. He has a $5.00 gift card that he uses at the checkout. How much is he still owed?	9	$9.00	9
228	Calendar and its mother work on 360 puzzles; Calendar has a mouse that adds four puzzles per minute; Mother has a mouse that adds half as many puzzles per minute; How long will it take them to complete the puzzle?	1	120 minutes	120
229	One watermelon farm produced 120 baby watermelons. Ashlyn visited the farm two months later and found that 30% of the watermelons were ready for harvest, so she planted them. When she returned two weeks later, 3/4 of the remaining melons were ready, so she harvested them. How many melons were not ready for harvest after two weeks?	21	15 melons were not ready for harvest after two weeks.	15
230	Mark purchased 12 motorcycles for his company. One of the cars cost $20,000. He paid 10% interest on the cars plus an additional $1000 to register one of them. How much did he pay for all the parts?	276,000	mark did not purchase any parts; he purchased motorcycles and incurred costs related to the motorcycles and their registration. therefore, the question about the cost of all the parts does not apply to the given information.	-1
231	On Monday, Kylie collected five more shells than Robert, who collected 20. On Tuesday, Kylie collected twice as many shells as he did on Monday. How many shells did Kylie collect on Tuesday?	50	50	50
232	Dax went to their farm to collect some apples and found that half of the insects like ants in the garden. If there are 50 ants, count the number of insects in the garden.	75	100	100
233	A third of them dive and swim in the sea, and another third go into caves to eat their supper.	12	mermaids	-1
234	Steve decided to start eating more tomatoes and planted his own cherry tomatoes. He eats twice as much as his girlfriend, six a day. If a vineyard produces three tomatoes a week, how many vineyards should he have?	21	steve should have 4 vineyards.	4
235	John ordered some pizzas to share with his friends. There were twenty friends in total, and John wanted to divide the pizza to make sure that each person got four slices. Pizza was only sold in eight slices. How many pizzas should John order?	10	john should order 10 pizzas.	10
236	Ram, who uses a lot of dice, discovered that he had a mouse that could save money by combining five dice to make one. If he bought 25 dice and used them to make new ones when the dice were low, how many dice would you have in total?	31	30 dice.	30
237	Johnny added an extra $10 to the $20 he had deposited, which tripled in one year.	90	$90	90
238	If Jessa is 20 years old, what is the combined value of these three women's clothes?	68	to provide an accurate answer, i need more information about the value of the clothes for each woman.	-1
239	The hall has three entrances A, B, and C that also serve as exits. If after the meeting 30% of the students left the hall through exit A, the remaining three-fifths through exit B, and the rest through exit C, calculate the number of students who left through exit C.	280	20 students left through exit c.	20
240	If John has 54 candies, how many candies does John have more than James?	21	to answer your question accurately, i need to know how many candies james has.	-1
241	Dolly has two books. Pandora has one. If Dolly and Pandora read each other's books as well as their own, how many books would they end up reading together?	6	3	3
242	Mike was a secretary to five people, down from two, who each sent a five-page letter twice a week, with the same frequency, and he could write a page every five minutes.	3	50 hours.	50
243	Jason has a phone bill of 1,000 minutes per month. He calls his boss 15 minutes a day, and he already has 300 minutes to call people again this month. How many minutes does Jason have left if this month has 30 days?	250	450 minutes	450
244	Griffin had 24 holes, but Kyle had five. Billy had twice as many as Kyle had. Ginger gave Griffin some of her holes, but then Colby gave Griffin at least three times as many as Kyle had. If Griffin had 27 holes, how many holes did Ginger give Griffin?	20	1	1
245	If there are four turtles in one aquarium and 32 in the other, the difference between the number of turtles in the two aquariums is twice the number of fish in the two aquariums. If the two aquariums have the same number of fish, how many fish are in each aquarium?	7	14 fish in each aquarium.	14
246	Jean's makeup artist charged her $250 an hour. She needed expensive makeup for the role she was playing but it would take six hours a day to do it but she wanted to do it four times a week. The role would take five weeks to complete. After the role the makeup artist gave Jean a 10% discount for the amount of work done. How much did Jean pay?	27000	jean paid $5,400.	5400
247	Isabelle bought the necessary items for her younger sister's birthday party: $12 for the cake, $43 for the birthday present, $15 for the decorations, $4 for the invitation, and $22 for the gift bag for the guests.	32	$96	96
248	A farmer bought four sacks of onions. One sack weighs about fifty pounds. One pound of onions costs $1.50. How much did the farmer spend?	300	$300	300
249	On Monday, Sue ate about four times as many cookies as her sister. On Tuesday, she ate about twice as many cookies as her sister. Her sister ate five cookies on Monday and thirteen the next day. If one cookie has two hundred calories, how many calories did Sue eat more than her sister?	5,600	sue ate 5,400 calories more than her sister.	5400
