	question	answer	llm
0	Janet's chickens produce 16 eggs a day. She eats three breakfast cereals every morning, cooks four biscuits for her friends every day. She sells the rest of the eggs at the farmers' market for $2 a day for a fresh chicken. How much money does she make a day at the farmers' market?	18	<pad> $2</s>
1	How many beads will each beam take up? 2 blue beads and half of the white beads.	3	<pad> 4</s>
2	Josh decides to try copying a house. He buys it for $80,000 and leaves $50,000 for repairs, which increases the value of the house by 150%. How much profit did he make?	70000	<pad> $150,000</s>
3	James decides to run three runs three times a week. He runs 60 meters on each run. How many meters does he run in a week?	540	<pad> 300</s>
4	Wendy feeds each of her chicks three pieces of cornmeal, which includes seeds, nuts, and vegetables that are good for their health. She feeds her chicks three different foods. In the morning, she feeds her flock of chicks 15 pieces of cornmeal, and in the afternoon, she feeds another flock of chicks 25 pieces of cornmeal. If Wendy's flock is 20 chicks, how many pieces of cornmeal will she need to feed her chicks at the last meal of the day?	20	<pad> 15</s>
5	Kyler goes to the store to buy glasses for his new apartment. $5 for one window, but only 60% off for each second window. Kyler wants to buy 16 windows. How much will they cost?	64	<pad> $160</s>
6	Toulouse has twice as many sheep as Charleston. Charleston has 4 times as many sheep as Seattle. How many sheep do Toulouse, Charleston and Seattle have in common if Seattle has 20 sheep?	260	<pad> 40</s>
7	Carla is caching a 200 GB file. By default, she can cache 2 GB/minute, but 40% of the way through the cache, Windows Update forces a restart to load, which takes 20 minutes. After that, Carla must restart to cache from the beginning. What cache is needed to cache the file?	160	<pad> Windows Update</s>
8	After driving for 3 hours at a speed of 60 km/h, John turned around as he realized that he had forgotten several important things at home. He tried to get home in 4 hours but spent the first 2 hours in traffic jams. He spent the next half hour driving at a speed of 30mph, before driving for the remaining 4 hours at 80mph. At the end of the 4 hours, how far was he from home?	45	<pad> 5 miles</s>
9	For the first 40 hours of work in a week, Eliza is paid $10 per hour, plus 1.2 times the overtime. If Eliza works 45 hours this week, how much will she get for the week?	460	<pad> $45</s>
10	One new program had 60 outcomes in the first month. In the second month the number of outcomes in the first month dropped three times, but in the third month it decreased by 30%. What was the total outcome of the program in three months?	366	<pad> 120</s>
11	Toola went to the bakery and bought a variety of pastas.She bought 3 cans of donuts for $68 each, 2 cans of biscuits for $80, and 6 cans of biscuits for $55 each.How much was the total cost?	694	<pad> $275</s>
12	Carlos has an apple tree. It costs $90 to plant the tree. If he grows 7 apples a year, he can sell them for $1.5 each. It costs $3 a year to water and feed the tree. How many years does it take before he starts making money from the apple tree?	13	<pad> 3</s>
13	Melanie is a house-to-house saleswoman. She sold one-third of her empty space to a green house, 2 more to a red house, and the remaining half to a brown house. If Melanie had 5 empty spaces left, how many would she start with?	18	<pad> 5</s>
14	In a dance class of 20 students, 20% are enrolled in modern dance, 25% in jazz, and the remainder in hip-hop.	60	<pad> Hip-hop</s>
15	A trader needs to choose between two buying plans: $5,000 worth of goods or $8,000 worth of electronics.His financial advisor predicts that the price of electronics will rise by 2.5% in the same month.If the trader chooses to make a profit at the end of the month, how much profit will it make?	125	<pad> $8,000</s>
16	Starting from San Rafael, two trains travel westward, each traveling 80 miles [80 km].The next day, they travel northward, covering 150 miles [150 km].	230	<pad> Answer not in context</s>
17	If she worked 50 weeks a year, 35 hours a week as a teacher, and 15 hours a week as a coach, what would her salary be?	57500	<pad> $10,000</s>
18	Claire makes 3 egg omelettes for breakfast every morning. How many eggs does she lay in 4 weeks?	7	<pad> 3</s>
19	Marisa walks the 12 miles. It takes her 1 hour to walk the first 4 miles, and then another hour to walk the next 2 miles. If you want her average speed to be 4 miles per hour, how fast (in miles per hour) should she walk the remaining distance?	6	<pad> 2</s>
20	I have 10 liters of vodka which is two thirds water, I would like to add 15 liters of pineapple juice which is three fifths water. But if I pour one liter of vodka, how much water is in the remaining 24 liters?	15	<pad> twenty-four</s>
21	Raymond and Samantha have a daughter.Raymond was born 6 years before Samantha.Raymond was 23 years old when he had a son.If Samantha is now 31 years old, how long ago was Raymond's son born?	14	<pad> 6 years</s>
22	Bill sells DVDs. He has 8 customers on Tuesday. His first 3 customers each buy one DVD. His next 2 customers each buy 2 DVDs. His last 3 customers don't buy any DVDs. How many DVDs did Bill sell on Tuesday?	7	<pad> 4</s>
23	A shaman runs 2 centimeters per hour of sleep. How many centimeters does a shaman shorten after sleeping from 1:00 PM to 5:00 PM?	8	<pad> 2</s>
24	Kyle purchased a copy of last year's bestseller for $19.50, which was 25% off the original price.	26	<pad> 'The Big Bang Theory'</s>
25	Mary ordered a chicken dish for $12, 5 cans of milk for $3 each, 4 apples for $1.50 each, and a box of pizzas.Mary paid $50 in total. If the box was $8.50 each, how many boxes of pizzas did Mary order?	2	<pad> 2</s>
26	Mishkan bought 3 shorts, 3 pants, and 3 shoes. A pair of shorts cost $16.50 each; a pair of pants cost $2.50 each; and a pair of shoes cost $42. How much did Mishkan spend on all the items?	243	<pad> $80</s>
27	Cynthia eats one ice cream a night. She buys a carton of 15 ice cream for $4.00 a carton. How much does she spend on ice cream after 60 days?	16	<pad> $40.00</s>
28	Henry made two stops on his 60-mile bike trip. The first stop was after 20 miles. His second stop was 15 miles before the end of his trip. How many miles did he travel between his first and second stops?	25	<pad> 25</s>
29	While shopping for shoes, Gloria found a pair of shoes that would fit her budget. However, she had to choose from a collection of boots and two high-heeled shoes that cost less than five dollars. If one of the high-heeled shoes was $33 and the other was twice as expensive, how much would the shoe cost?	104	<pad> $33</s>
30	The ages of Darrell and Allen are in the ratio 7:11. If their combined present age is 162 years, Allen's life expectancy is 10 years.	109	<pad> Darrell</s>
31	Gunter is trying to count the jelly beans in the jar. He asks his friends how many they think are in the jar. One says 80. Another 20 says more than half of the original. A third says 25% more than the original. What is their average estimate?	80	<pad> 25% more than the original</s>
32	John takes care of 10 dogs. Each dog takes 0.5 hours a day to take care of their daily walks and chores. Each dog takes 0.5 hours a day to walk and take care of their business. How many hours a week does it take to take care of dogs?	35	<pad> 10 hours</s>
33	The Grech has 110 coins. The silver coin is 30 times more valuable than the gold coin. How many gold coins does Grech have?	70	<pad> 10</s>
34	Siobhan has 2 fewer pearls than Aaron. Aaron has 5 more pearls than half of Raymond's pearls. If Raymond has 40 pearls, how many pearls does Siobhan have?	23	<pad> 30</s>
35	Mike plays ping pong for 40 minutes. In the first 20 minutes he scores 4 points. In the second 20 minutes he scores an additional 25% points. How many points did he score in total?	9	<pad> 6</s>
36	Terry eats 2 cookies a day. Currently 4 cookies are sold for $5.00 each. How much does a cookie cost in 30 days?	75	<pad> $15.00</s>
37	John plans to sell all his toys and use the money to buy a video game. He has 13 sets of Legos and sells them for $15 each. He ends up buying 8 video games for $20 each and has $5 left. How many Legos do I still have in my collection?	2	<pad> 13</s>
38	John runs 60 miles a week. He runs 3 days a week. The first day he runs for 3 hours and a half and the other two days. How fast does he run?	10	<pad> 3 hours and a half</s>
39	If she could run three miles an hour, how many miles would she run in an hour if she ran a third of the way and walked two thirds of the way?	18	<pad> six</s>
40	Brando's iPhone is four times older than Ben's. Ben's iPhone is twice as old as Suzie's. If Suzie's iPhone is 1 year old, how old is Brando's iPhone?	8	<pad> 4 years old</s>
41	The giant Perge, perched on the summit of Mount Farbo, blew flames at anything within 1,000 feet. The golden spear, the only weapon known to have stolen the dragon, could be fired at a distance of 400 feet, where the fire could reach the dragon. But with the sapphire in its hand, the spear was three times stronger than without the gem. If so, how far away from the dragon's fire could Pauline stand and strike the golden spear again?	200	<pad> 400 feet</s>
42	Grandma Johnson cooked five apples for the fireman's lunch. She cut each apple into eight pies and placed five pies on the dining table for the guests to serve themselves. By the end of the evening, after the guests had eaten their pies, there were 14 pies left. How many pies did each guest receive?	26	<pad> five</s>
43	According to the dietary information, one pound of potato chips has 250 calories per meal. If one pound of potato chips has 5, how many grams would you eat if you had 2,000 calories per day and had eaten 1,800 calories before?	48	<pad> 500</s>
44	Charlie wants to sell his cheese. He can make a total of 10 cheeses for each cheese. He sells his cheese and tomatoes for $10.00 a week. If he sells his cheese for $2.00 each, what is the net profit if he makes 20 cheeses?	20	<pad> $40.00</s>
45	While Meredith is a freelance blogger, she writes about health topics and delivers them to clients on a daily basis as part of her routine. One blog post takes an average of 4 hours to research and write. Last week she wrote 5 articles on Monday, and 2/5 more on Tuesday than she did on Monday. Last Wednesday she wrote twice as many articles as she did on Tuesday. She spent a total of six hours writing in three days.	104	<pad> Tuesday</s>
46	Before leaving for her job at the coffee shop, Candice put 80 pieces of paper in her bag. On the way to the store, she stopped and bought a package of Italian souvenirs; at work, she put a letter of remembrance on each of the 220 different cups of coffee. If there were 23 letters of remembrance left, how many letters of remembrance were in the package she bought?	163	<pad> 23</s>
47	John buys red carbide twice as much as blue carbide. The red carbide costs 50% more than the blue carbide. He spent $200 on the blue carbide which cost $40 each. How much did he spend on the blue carbide?	800	<pad> $200</s>
48	Tracy used a four-foot long pole to support the tomato plants in the garden. The pole was cut six inches long. How many broken eggs did she find?	8	<pad> two</s>
49	Richard lives in a 15-story apartment building. Each floor consists of 8 units, occupying 3/4 of the building. How many of the total units are unoccupied?	30	<pad> twenty-five</s>
50	Lloyd owns an egg farm. Her chicks produce 252 eggs a day and sell the last of them for $2 each. How many eggs does Lloyd make in a week?	294	<pad> 864</s>
51	The Tom can travel 10 miles per hour. It sails from 1 to 4 PM. Then it turns back at 6 mph. How long does it take to return?	5	<pad> 4 hours</s>
52	Uriah's book bag is too heavy for him. He has to lift 15 pounds. His books weigh 1/4 of a pound each and his toys weigh 1/2 of a pound each. If he carries 30 books, how many toys does he have to lift?	15	<pad> 5</s>
53	A mechanic charges different rates for each truck wheel and truck repair. For each truck wheel repaired, the mechanic charges $60 and for each truck wheel repaired, the mechanic charges $40. In each case, the mechanic repairs 6 truck wheels and 4 truck wheels. On Fridays, the mechanic does not repair 12 truck wheels or any truck wheels. On the day of high earnings, how much more did the mechanic earn?	40	<pad> $60</s>
54	The Dabtifire brothers are driving home in their car with 7 bunnies who were raised in the shade of local wildlife when their mother calls to tell them that their two house bunnies have recently given birth to four children. She says that Pachy, the first bunny, has three times the number of children as the adopted one, while Trisha, the other bunny, has 12.	40	<pad> Trisha</s>
55	Jean has 30 lollipops. Jean eats 2 of the lollipops. With the rest of the lollipops, she wants to put Jean 2 lollipops in one basket. How many baskets can Jean fill?	14	<pad> 2</s>
56	Peter plans to go to the movies this week. He gets regular tickets for $7 and popcorn for $7. With $42 for a week, how many times can he go to the movies?	3	<pad> 3</s>
57	The bridge can carry no more than 5000 pounds. Transport vehicles loaded with boxes weighing 15 pounds each cross the bridge. The combined weight of the driver and the cargo vehicle is 3755 pounds. How many boxes can be loaded onto the cargo vehicle without exceeding the weight limit?	83	<pad> 3750</s>
58	Stephen ordered a grocery order online. His final payment was $40.00. Since this was a form of transportation purchase, they signed off on a 25% charge on his final total and charged him $3.00 in transportation fees. Stephen added a $4.00s tip. After the additional charge, what was the final price of the food that Stephen ordered?	57	<pad> $40.00</s>
59	A forest is described as having 6 clusters of 20 berries each and 67 individual berries planted in the forest. How many trees are there in total?	187	<pad> berries</s>
60	If a bowl contains 25 eggs, 1 of them is raw, 20% is unripe, 2 are raw, and the rest is good. How many eggs are good?	17	<pad> 20</s>
61	Janet purchased jewelry for her daughter, paid $500 for the equipment, paid another $800 for the consultant, and paid 10 percent of the cost for insurance.	1430	<pad> $1,200</s>
62	If Marcie works for a company for 40 years, she receives an annual pension of $50,000. After 20 years, she is entitled to an annual pension of 5%. If she retires after 30 years, what will her retirement age be?	25000	<pad> 60</s>
63	Alena paid $140 a month for her broadcasting services. If the broadcaster charged her less than 10% of her first-half salary for the first half of the year and then charged her less than 10% of her second-half salary for the second half of the year, the total salary she paid for her broadcasting services at the end of the year would be taxed.	1596	<pad> Answer not in context</s>
64	Sophia, who is considering a road trip, wants to know how far she can go with one tank of gas. After the last 100 miles, she still needs to fill up her tank with 4 gallons of gas. According to the manufacturer's contract, her car has 12 gallons of gas. How many miles can Sophia travel with one tank of gas?	300	<pad> 100</s>
65	Jim spent 2 hours watching TV and then decided to lie in bed and read for half an hour. He does this 3 times a week. In 4 weeks, how many hours does he spend watching TV and reading?	36	<pad> 4 hours</s>
66	In a basketball tournament, four schools compete. Each school sends a girls basketball team and a boys basketball team. Each team has 5 players. Each school sends a coach to each team. How many players each school sends?	48	<pad> 5</s>
67	A treasure hunter found a buried treasure chest filled with precious stones - 175 diamonds, 35 rubies less than a diamond, and twice as many emeralds.	595	<pad> 175 diamonds</s>
68	At Dr. Wertz's school, there are twice as many boys as girls. If there are 60 girls for every teacher and 5 students, how many teachers are there?	36	<pad> 5</s>
69	Belle starts with a certain amount of money. After that, for 8 weeks, she earns $5 per week. At the end of 8 weeks, if she has a total of $100, how much money did Belle start with?	60	<pad> $50</s>
70	Judy teaches 5 dance classes, 8 classes every day, weekdays and Sundays. If each class has 15 students and she charges $15.00 per student, how much money does she make in 1 week?	7425	<pad> $5,000</s>
71	If Kelia has two recipes, one with 20 recipes and the other with twice as many recipes, how many recipes does Kelia have to read to prepare the two meals?	60	<pad> two</s>
72	Tommy is raising money for his charity, selling a few apples for $3 and a few cakes for $4. How much money would Tommy make if he sold 43 apples and 23 cakes?	221	<pad> $80</s>
73	Sheila bought five mobile phones for $150 each for 3 months. Each unit is charged 2% interest. How much does Sheila pay per month for 3 months?	255	<pad> $150</s>
74	Artie has a flea market at the Farmers' Market. He sells three types of flea: yellow, black, and brown. He usually sells yellow for $2.74 a bushel, black for $1.87 a bushel, and brown for $2.12 a bushel. Artie doesn't change today so he decides to keep all his prices around the dollar. How much would Artie make if he sold 12 boxes of yellow, 9 boxes of black, and 17 boxes of brown?	88	<pad> $460</s>
75	Luke is spending time building a sand tower on the shore, and he eventually figures out that each level of the sand tower is half a square foot on the lower level. If he built a 4-story sand tower instead of a 16-square-foot top level, what is the average square foot per level?	60	<pad> half</s>
76	Cecilia bought a new cat litter. According to her veterinarian, she will need to feed 1 litter of cat food per day for the first 180 days. After that, she will need to feed 2 litter of cat food per day for the rest of her life. If a litter of cat food contains 110 litter of cat food, how many litter of cat food will Cecilia use in the first year?	5	<pad> 180</s>
77	If Raymond weighs half as much as Sarah, if Sarah weighs four times as much as David, and if Sarah weighs 400 pounds, the difference is about as much as Raymond and David weigh.	100	<pad> David</s>
78	Vincent could buy 3 cans for $2.50 or 2 cans for $1. How much money would he save to buy 18 cans at a lower price?	6	<pad> $2.50</s>
79	John raises a dog. Delivering the dog to a groomer costs $100. The groomer, being a new customer, gives him a 30% discount. How much does the grooming cost?	70	<pad> $300</s>
80	Two girls each received one-sixth of a pint [24 L]; then one young man received one pint [6 L]; how many pints of water remained?	10	<pad> twenty-five</s>
81	He bought 21 and received 23 for his birthday, 9 of which he gave to his sister, and 28 he used to print invitations.	17	<pad> twenty-one</s>
82	Grace weighs 125 pounds. Alex is 4 times 2 pounds lighter than Grace. How many pounds do they weigh together?	623	<pad> 225</s>
83	Dan plants 3 rose bushes, each with 25 bunches of roses, each with 8 rose petals. How many petals are there in total?	600	<pad> 225</s>
84	One soccer team played 22 games. They won 8 more than they lost. How many did they win?	15	<pad> 22</s>
85	Jean is sewing a winter coat on an old commemorative t-shirt. He has one t-shirt from each holiday. Each t-shirt is his winter coat. Each row is made of leaves from a different holiday year. He goes on four holidays a year and has been on vacation since he was 23 years old. He is now 34 years old. In total, how many winter coats does he have?	44	<pad> four</s>
86	Greg has an alarm clock that rings three times a day as a reminder. When the alarm clock goes off, he keeps ringing until Greg stops. The first time it goes off, he rings four times. The second time it goes off, he rings three times more than the first time. The third time it rings half the second time. In total, how many times did the alarm clock ring?	22	<pad> twenty-five</s>
87	The company pays each of its employees $600 a month. The company has a salary policy of increasing the annual salary of each of its employees by 10% of the initial salary for those who have been with the company for five years. If Sylvie has just worked for the company for 5 years as of last December, what is her salary after three more years of service?	9360	<pad> $1,200</s>
88	Harald's first recording of Marilyn's sold 10 times as many copies as the 88,000 combined, but how many copies did Harold sell?	8000	<pad> 88,000</s>
89	A Christian who is planning a birthday party, needs a gift of 0.75 for each guest, because 1/4 of the participants will be absent. She invited 16 friends. Each one needs a gift of $2. How much?	24	<pad> 16</s>
90	Ted T-Rex planned to bring the dinosaurs to the park. He knew that an adult dinosaur would eat 10 pounds of the dinosaur, and a child would eat half of the adult. If there were 20 adults and 5 children in the park, how many pounds of the dinosaur would he bring to the park if he hoped to have enough to feed them all?	225	<pad> 50</s>
91	Jan has three times as many owls as Marcia. Marcia has two more owls than Cindy. If Cindy has four owls, how many owls do the three of them have in total?	28	<pad> 10</s>
92	Emily has four children, Amy, Jackson, Corey, and James - Amy is five years older than Jackson and Corey is two years younger.	4	<pad> James</s>
93	Lin used to run the 400 meters two seconds faster than Gerald in the 400 meters race, but Gerald changed his diet and improved his speed by 10 percent. If Lin ran the 400 meters in 38 seconds, how fast would Gerald, with a better diet, run the 400 meters?	36	<pad> 40 seconds</s>
94	The number of donkeys in a neighbourhood is less than the number of dogs and donkeys put together. If there are two dogs for every dog, how many animals are there in the neighbourhood?	348	<pad> dogs</s>
95	Out of 200 fifth graders, 2/5 are boys and 2/3 are girls in espionage. How many girls are not in espionage?	40	<pad> 3/5</s>
96	Harry slept 9 hours a night. His friend James slept only 2/3 of what Harry slept. How many hours did Harry sleep more than James?	3	<pad> 5</s>
97	Each of the 16 tomato sauces she uses contains three tomatoes. The final batch of tomato sauce made 32 tomato sauces. How many tomatoes did Frida use?	12	<pad> 32</s>
98	Vehicles clashed on the motorway. Some vehicles passed through the first 15 minutes of the traffic closure, and then 20 more vehicles passed through in the remaining 15 minutes. 5 vehicles took the exit from the line and did not drive through the traffic closure. If there were initially 30 motorcycles on the motorway, how many vehicles passed through the traffic closure in the first 15 minutes?	5	<pad> 5</s>
99	Mary is an avid gardener. She has recently acquired 18 new potted plants from her favorite nursery. Previously she had 2 potted plants in each of the 40 windows of her large country house. Filled with generosity, she decides to give one potted plant from each corner of the garden to friends and family.	58	<pad> 18</s>
100	Jerome had 4 friends who came to visit him on a given day. The first friend rang the doorbell 20 times before Jerome opened the door, the second friend rang the doorbell 1/4 times more than Jerome's first friend. The third friend rang the doorbell 10 times more than Jerome's first friend. If the fourth friend rang the doorbell 60 times, how many times did the doorbell ring?	175	<pad> 120</s>
101	Solon had to read page 4 of his Science textbook, page 20 of his Social Studies textbook, page 7 of his History textbook, and page 8 of his Geography textbook. On Monday, Solon read page 15. If he had 4 more days to finish all his reading, on average, how many pages would he need to read in a day?	6	<pad> 15</s>
102	John likes to drink a glass of warm water with breakfast, lunch, and dinner, and finally one before bedtime. John does this every day of the week, but on weekends he prefers to rest and instead have a glass of soda with us. How much warm water does John drink in a week?	26	<pad> a week</s>
103	It takes 10 minutes to cover every 3 miles of the city. If the city is 42 miles from the coast to the opposite side of the country, how many minutes would it take to cover the entire city?	140	<pad> twenty minutes</s>
104	Poppy is playing a game of 1000 holes. She puts a quarter of the holes in it, and then her mother puts a third of the remaining holes in it. How many holes are left?	500	<pad> 800</s>
105	If Amir eats 5 cookies, how many cookies will the two of them eat together?	20	<pad> 10</s>
106	John has 3 boxes. Each box is 5 inches by 6 inches by 4 inches. It has a 1 inch thick wall. What is the total of all 3 boxes?	72	<pad> 3 boxes</s>
107	Frank watches TV every night after he finishes his homework. On Monday and Tuesday nights, he watches his favorite one-hour program. On Tuesdays, he watches a few 30-minute episodes. On Thursdays, he finishes his homework early and watches an hour-long episode and a 30-minute show. On Fridays, he watches two one-hour episodes because he can get up for the weekend. In total, he watches 7 hours of TV, so how many 30-minute episodes does he watch on Wednesdays?	3	<pad> two</s>
108	Henry is making a cake for a national baking competition. Last year he wanted to make twice as much. When he finishes baking, he realizes that he actually baked 15 more cakes than he had thought. He leaves 5 of his cakes in the bag to freeze, and now he has a total of 110 cakes. How many cakes did Henry make last year?	50	<pad> 105</s>
109	A local gas station is selling gas for $3.00 per gallon. An app company is offering a cash back of $20.00 per gallon if you fill the station with gas. If someone buys 10 gallons of gas, how much gas will they have with them, after cash back?	28	<pad> 10 gallons</s>
110	Marcel and Beatrice have a competition to see who can eat the most fruit in the cluster, so they interpret what they find. It is interesting that someone made a mistake: Beatrice's is 2 inches high and 24 inches long, and Marcel's is 3 inches high and 14 inches long. If they both ate as much as they wanted, how much did they eat on average?	45	<pad> 2 inches high and 24 inches long</s>
111	The boat took two gallons of water for each man who sailed ten miles to shore. It took sixteen seconds to sail, and the distance was sixty - four miles. By the time Julius got to shore, the boat was full.	16	<pad> Answer not in context</s>
112	If each class has four teachers, then each teacher has two teachers. If each class has three teachers, then each teacher has four teachers.	24	<pad> No</s>
113	Ryan plants 2 flowers a day in his field. After 15 days if he doesn't grow 5 flowers how many flowers does he have?	25	<pad> 2</s>
114	Jamal's phone can hold 6 times as many pictures as the British phone. The number of pictures that the British phone can hold is 50 times more than the number of birds that Jamal photographed at the zoo. If Jamal's phone can hold 1800 pictures, how many seconds would Jamal's photos at the zoo take?	6	<pad> 1800</s>
115	Sasha, after buying some wood, realizes that the price of the wood has gone up by 50% in the last few months. She decides to sell because she has left over. She has ten 2 x 4 x 10 boards left over, each of which she paid her $10 for. She also has five 4 x 4 x 10 boards, each of which she bought for $16 each. How much profit would she make if she sold them all?	90	<pad> $80</s>
116	Kathy makes coffee using cane sugar and boiling water in a ratio of 7:13. In total, she used 120 teas of cane sugar and boiling water, counting the amount of cane sugar she used in the tea.	42	<pad> 120</s>
117	John purchased two pairs of shoes for each of his three children, each costing $60.	360	<pad> each costing $60</s>
118	The customs officer at the main port of Coast Cleanup counted 2 containers of imported vehicles, each containing 5 vehicles.The next day more containers were brought in, bringing the total number of vehicles at the port to 30.Assuming each container has 5 vehicles, the number of containers recorded on the second day is zero.	4	<pad> 2</s>
119	Adrienne's total salary was 30 percent more than Leah's. After four years, his salary had increased, which was 40 percent more than what he had been earning four years earlier. If Adrienne and Leah's salary had increased at the same time, and Adrienne had earned $40,000 four years earlier, what would their total salary have been four years later?	95200	<pad> $60,000</s>
120	Miguel uses 2 sheets of paper per week for his artwork. If there are 30 sheets on each sheet, how many sheets will he use per month?	240	<pad> 300</s>
121	Morisette and Kael were asked to bring fruit. Morisette brought 5 apples and 8 peaches, while Kael brought twice the number of apples and half the number of peaches than Morisette. How many fruits do they have in total?	27	<pad> 13</s>
122	On Monday, Sadie slept eight hours; on the next two days, she slept less than two hours each because she had assignments to complete; and if she slept an extra hour on the last two days of the week, how many hours did she sleep in total that week?	48	<pad> 14 hours</s>
123	Rosie can run 10 miles per hour for 3 hours. Then she runs 5 miles per hour. How many miles can she run in 7 hours?	50	<pad> 25</s>
124	Jenny, who works in her mother's office, has a stack of 60 letters that need to be typed and a stack of pre-printed letters that need to be typed on about a third of the letters.	10	<pad> 60</s>
125	Later, her father-in-law bought five new bags of chicken soup for her, which she made with three of the same bags of chicken soup that she had used to make her sandwich. Later, when she went to set the table, she had a total of 12 bags of chicken soup.	10	<pad> 3</s>
126	Dylan needed chicken sausage and fish sausage on each plate. he bought 38 chicken sausages and 6 fish sausages instead of chicken sausage. how many sausages did Dylan buy altogether?	82	<pad> 40</s>
127	Since moving to a new school, Amy has had 20 more friends than Lily does. If Lily has 50 friends, how many friends do Lily and Amy have in common?	120	<pad> 50</s>
128	Dillon is sent to the store to buy four beans, 20 beans, and 10 beans. If each beans costs $15, how much will he spend in total?	880	<pad> $75</s>
129	A hospital sees 500 people a day. Each patient is seen for an average of 24 minutes. Doctors charge the hospital $150 per hour, and the hospital charges patients $200 per hour. How much profit does the hospital make from these visits?	10000	<pad> $75</s>
130	Nissan hired 60 part-time workers at its Santa's department store to play Elvis. Three of Elvis' hands stopped after the children threatened them, and then the remaining 10 Elvis' hands stopped after the children knocked them on their knees.	30	<pad> Answer not in context</s>
131	In May, Joseph's expenses were $500; by June, they had dropped to $60.	940	<pad> Joseph</s>
132	Pam and Fred went to a carnival. Pam had climbed the roller coaster 2 times and Fred had climbed it 4 times. Then they each decided to try the luge 2 times. If each ladder issued 6 tickets, how many tickets did they use that day?	60	<pad> 8</s>
133	On Monday, Walt walked four miles. On Tuesday, he walked six times the mile he walked on Monday. His total mileage from Monday to Wednesday was 41 miles. How many miles did he walk on Wednesday?	13	<pad> 11</s>
134	Tom receives car washes 4 times a month. If each car wash costs $15 (U.S.), how much will he pay in a year?	720	<pad> $120</s>
135	Brian's friend Bobby has 5 video games that are 3 times less active than Brian's. But if Brian has 20 video games and he lost 5 before the comparison, how many does Bobby have?	40	<pad> 5</s>
136	There are 27 unicorns left in the world. One-third of them are in the Highlands of Scotland. Two-thirds of unicorns in Scotland are female. How many female unicorns are there in Scotland?	6	<pad> Two-thirds</s>
137	Rory orders 2 subs for $7.50 each, 2 chips for $1.50 each, and 2 cookies for $1.00 each. If the delivery charge is increased by 20%, she wants to increase it by $5.00. What does her delivery charge?	29	<pad> $9.00</s>
138	Mark took 75 out of his test yesterday. He completed the test 5 times faster than an hour. Today he completed the test 100 times faster than an hour. If Mark had 8 hours to complete the first test and 6 hours to complete the second, how many questions did he leave unfinished?	105	<pad> 25</s>
139	In a caramel machine there are as many as four times as many red mastic balls as there are 22 spherical mastic balls. If there are 12 spherical mastic balls, how many red ones are there?	70	<pad> 22</s>
140	Of the 20 vehicles to be leased, 12 are automatic vehicles, 4 are manual vehicles, and the rest are semi-automatic.How many percent of the vehicles are semi-automatic?	20	<pad> twenty percent</s>
141	If there are seven hundred birds on a hill, how many birds are on the hill?	400	<pad> seven hundred</s>
142	Jordan plays video games for 2 hours a day and has a part-time job that pays him $10 an hour.	140	<pad> Jordan</s>
143	John buys milk for $2, eggs for $3, light bulbs for $3, balls for $3, duck traps for $4. If there is a 10% tax on all non-food items, how much does everything cost?	16	<pad> a total of $28</s>
144	Kim started her own cleaning business and calculated how much profit she would make from her customers. She already had 3 customers, but she was talking to 5 other potential customers, feeling confident enough to include them in her calculations. Each household needed 2 sheets of laundry and one pack of clothes to clean. The cost per sheet of laundry was $2, and the cost per pack of clothes was $5. That's the only difference. The average weekly income per household was $92.	20	<pad> $92</s>
145	John had a 10 hectare pineapple field. There were 100 pineapples in one hectare. John could harvest his pineapples in 3 months. How many pineapples could John harvest in a year?	4000	<pad> 100 hectares</s>
146	John collects the toys from his room on the floor. He puts them in a box that weighs 500 grams, another that weighs more than 500 grams, and another that weighs a quarter of a gram. How many blocks does John take if he puts them all together?	2,125	<pad> 3</s>
147	Debra tracks a canyon to see how many canyons come and go in a day. In the first 6 hours she sees 30 canyons leave the canyon, and then in the next 6 hours she sees 1/2 more canyons return. She sees twice as many canyons as she first saw flying out of the corn and leaving in the next 6 hours. Then all the canyons that went before her return to the canyon in the next 6 hours without returning. How many canyons did Debra see return to the canyon in the last 6 hours?	75	<pad> 1/2</s>
148	Brittany and her mother go to the museum. The entrance fee is $12 for adults and $10 for children. The British mother gives the cashier the money for 1 child ticket and 1 adult ticket. If she finds $8 in change, how much money, in dollars, did she give the cashier?	30	<pad> $10</s>
149	Charlie has three times as many Facebook friends as Dorothy. James has four times as many Facebook friends as Dorothy. If Charlie has 12 Facebook friends, how many Facebook friends does James have?	16	<pad> 14</s>
150	Steve and Tim decide to see who can get home from school faster. Steve is allowed to ride his bike because he lives farther away than Tim. Steve lives 3 miles away from the school and can cycle 440 miles per minute. Tim lives 2 miles away from the school. If Tim can skateboard 264 miles per minute, how long will the winner wait at home before finishing the race?	4	<pad> 3 minutes</s>
151	Shawnda decides that the kids in her neighborhood can actually use the bicycle tire service. She decides that the best way to charge it is with a car tire. She spends 25 cents each for a car tire tire. On the first day, 5 cyclists pass by to have both of their tires blown. 3 people pass by to have all three of their bicycle tires blown. Finally, someone actually passes by with a bicycle. How many dollars did she get that day?	5	<pad> 3</s>
152	Carl bought ten packs of cookies. Each packet of cookies contained six cookies. Each cookie cost $0.10. How much change would Carl get if he paid with $10?	4	<pad> twenty-six cookies</s>
153	Dave bought a large packet of french fries and ate fourteen, before a hungry seagull snatched the packet from his hand. When the seagull landed, he ate less than half of the french fries Dave had eaten. Then three pigeons threatened him away from the food, each eating three pieces of french fries. Later, a raccoon stole two-thirds of the remaining french fries. The rabbits took the last five french fries and left. How many french fries were in the packet when Dave bought them?	48	<pad> 25</s>
154	On Mondays, Wednesdays, and Fridays, a Kimo student has 1 three-hour class per day. He has 2 two-hour classes per day on Tuesdays and Thursdays. There are 16 weeks of classes in a semester. How many hours does Kimo spend in school in a semester?	272	<pad> 796</s>
155	Each day, Bill makes 300 rolls, 120 chocolate croissants, and 60 bags - each roll is four inches long, each croissant is six inches long, and each bag is six feet [2 m] long.	280	<pad> 300</s>
156	The zookeeper feeds all the monkeys in the zoo. He orders all the monkeys from the local farm for 2 months. If a thief needs 200 monkeys, a gorilla needs 400 monkeys, and a baboon needs 100 monkeys per month, how many monkeys should he order to stay for 2 months?	1400	<pad> 600</s>
157	Blake and Kelly are competing to see who can run the fastest in 15 minutes. They decide to work on a 100-yard football field. Blake runs back and forth 15 times. Kelly runs back and forth once, then decides she doesn't want to run into Blake, and starts running back and forth to the 40-yard line.	80	<pad> Kelly</s>
158	Raphael went out to buy some school supplies. He bought a set of 4 for $1.5, a set of 2 for $4, and a set of paper towels for $20. How much did Raphael spend on everything?	34	<pad> 32.5</s>
159	Finn watches 11 tadpoles swimming in the reservoir. Suddenly he sees 6 of them hiding under a lily pad, then he sees 2 hiding under a rock. How many tadpoles can Finn now see in the reservoir?	15	<pad> 9</s>
160	A water tank is 17 meters deep on Monday.On Tuesday the tank had 7 feet more water.On Tuesday the water is two-thirds as deep as it was on Tuesday.What is the water depth of the tank on Wednesday?	16	<pad> 7 feet</s>
161	Anakin and Locsin went to the beach today. Anakin caught 10 starfish, 6 seahorses, and 3 clownfish. Locsin caught 5 starfish less than Anakin, 3 seahorses less than Anakin, and 2 clownfish more than Anakin. How many fish did they catch?	32	<pad> 15</s>
162	If a coin is worth $20 and its value increases by 20% in two months, how much would a coin be worth after 36 months?	92	<pad> $30</s>
163	In each room there are different toys: 5 red cars, 3 action figures and a doll. The doll cost up to 3 action figures and a red car cost $4. How much are each of the toys worth, $5 for each action figure?	50	<pad> $10</s>
164	Jackie is trying to decide whether to do her own tax filing or hire an accountant. If she does her own tax filing, she will be able to work freelance for 3 hours less, losing $35 an hour. The accountant will only be paid $90. If she hires an accountant, how much extra money will she have?	15	<pad> $120</s>
165	For his 30th birthday, Elvira chooses to give him a new computer with many kitchen appliances. She has a generous family budget of €1500 and thinks that she can afford to buy one outfit. She goes to the computer store and chooses a machine that costs €1090 and has a screen, keyboard and mouse. She also gets a €157 scanner, a €74 CD burner and a €102 printer. How much money does she have left for her clothes?	77	<pad> €500</s>
166	Neighbor Sandra gives her a bag of 9 eggs every time she takes care of their daughter. She needs 3 eggs to make a Spanish flannel. If Sandra is given 15 Spanish flannels to make for her school to save money, how many times does Sandra have to take care of a baby?	5	<pad> 15</s>
167	Seth is twice Brooke's age, and they were married two years later, when they were both 28.	16	<pad> Seth and Brooke</s>
168	Jimmy has twice as much money as Ethel has. Ethel has $8, and how much money does Jimmy have?	18	<pad> 14</s>
169	Pancho walks 20 miles a day, except on weekends when he walks 10 miles. How many miles does he walk in a week?	120	<pad> 50</s>
170	The marching band is ordering new uniforms. Each uniform has a $25 coffeemaker, a triple coffeemaker jacket, and pants that average the cost of a coffeemaker and a coffeemaker jacket. How much are each uniform worth in total?	150	<pad> $125</s>
171	Jake is walking through the Entomology Museum. He sees 80 rodents each with 8 feet, 90 insects each with 6 feet, and 3 rare mutant invertebrates each with 10 feet. How many feet does Jake see in total?	1210	<pad> 300</s>
172	There are four birds on a caboose. Sally Two is three years older than Granny Red. Granny Red is twice as old as Sally Four. If Sally Four is equal to Sally Thirty-two and Sally Thirty-two is 8 years old, what is the total age of the four birds?	51	<pad> twenty-five</s>
173	Jessica is trying to figure out how much to pay off all of her loans each month. Her student loans have a minimum payment of $300 per month, her credit cards have a minimum payment of $200 per month, and her husband's loans have a minimum payment of $500 per month. If Jessica wanted to pay 50% less than that, how much would she pay off in a year?	18000	<pad> $1,200</s>
174	Billie barbecues the skin of the rabbit and has a few to prepare to make the rabbit salad for his large family gathering. Because of its size, he has 60 rabbits to pass through. Since the rabbits are roughly the same size, each takes about the same amount of time to peel and cut. Billie takes about a minute and a half to peel a rabbit, but for some it only takes about 5 seconds. How long does it take to finish making the rabbit?	95	<pad> 60 minutes</s>
175	Juan and his brother Carlos are selling a gallon of beets for $3.00 and a gallon of sugar for $2.00 each, so they sell 20 coconuts for $0.50 each. If they make $25 profit, how much do they spend on beets?	15	<pad> $9.00</s>
176	Of the 240 Asians in the tournament, 80 were Japanese and the rest were Chinese.If there were 60 boys in the Chinese team, how many girls were in the Chinese team?	100	<pad> 40</s>
177	Zayed spends 1/4 of his salary on rent, 1/3 on car fuel, and donates half of the rest to his favorite charity. $200 for his daughter's weekly expenses, and $700 for his wife's shopping and other household expenses. If Zayed earns $6,000 a month, how much money would he still have after all these expenses and donations?	350	<pad> $3,000</s>
178	Rani Monik has ten more crabs than Bo, who has 4 fewer crabs. If Bo has 40 craps, then calculate the total number of craps the three of them have together.	122	<pad> 88</s>
179	Lloyd was paid $10 per hour for the Math tutorials. The first week he gave 5 hours of tutorials, the second week he gave 8 hours of tutorials. How much did he get for the first two weeks?	130	<pad> $80</s>
180	Two candidates are competing to represent the class at Sarah's school.The winner receives 3/4 of the votes and 80 of the total votes in the class, depending on the number of votes received.	20	<pad> Sarah</s>
181	Sandra, a florist in the area, was displeased that Fred's order was incomplete. She ordered four times as much red rice as white carnations, and 200 plastic lilies, five times as many white carnations. Sandra decided that if the red rice was not delivered by 5 p.m., she would have to change suppliers.	160	<pad> Fred</s>
182	Jean is two years older than Mark. Two years ago Mark was half a year older than Jean by 5 years. If Jean is 30 years old, how old is Jean?	23	<pad> Mark</s>
183	Two teams of track runners compete in the 4 and 400 meter races; each race team consists of four members who each run 400 meters, or one lap, around a fixed track area. One of the two teams is very agile, with each member running their 400 meters in exactly 55 seconds. The other team is less agile; their first run is their 400 meters in 60 seconds and after each lap they run the next race 3 seconds faster than the previous race. Using this information, which team is the fastest second winner?	2	<pad> less agile</s>
184	Jerry is copying a hexadecimal digit. What is the probability of copying more than 3 digits (expressed in decimals) than copying two consecutive integers?	25	<pad> higher</s>
185	Jenna and her mother picked a few flowers from their garden. Jenna picked half of her mother's flowers. If her mother had 20 flowers, how many flowers would the two of them pick?	30	<pad> 10</s>
186	If Russell works in a pet store, he distributes grass among the chickens. If the chickens are kept in groups of 3 tents, each receives 6 grass pieces. If the hamsters are kept in 10 tents alone, each receives 5 grass pieces.	5	<pad> Answer not in context</s>
187	Mandy owes Benedict $100. They have agreed to a 2% monthly interest. How much should Mandy pay Benedict if she can pay after 3 months?	106	<pad> $100</s>
188	If a merchant buys a sack of wheat from a farmer for $20 a sack. If each sack costs $2 to transport from the farm to the warehouse, and if the merchant sells each sack for $30 and makes a total profit of $400, how many sacks did he sell?	50	<pad> twenty</s>
189	The three friends spent $20.25 for 3 tickets to the show. They also spent $4.50 less on food than on tickets. They also travelled on 2 separate stairs, which cost $33 each. If they agreed to share all expenses equally, how much would each of them pay?	34	<pad> $4.50</s>
190	John collects peaches for 3 hours. He can collect 2 peaches in a minute. How many peaches can a peach collect?	360	<pad> 2</s>
191	Chickens need to eat about 3.5 pounds of insects per week to survive. If there is a flock of ten chickens, how many pounds of insects do they need per day?	5	<pad> 3.5</s>
192	Tom plants 10 trees a year. He cuts 2 trees a year. He starts with 50 trees. After 10 years, 30% of the trees will die. How many trees are left?	91	<pad> 30</s>
193	Sue lives in an amusement park. One weekend, the neighbors decided to play a joke on Sue. On Friday morning, the neighbors put 18 pink flamingos on Sue's front porch. On Saturday morning, the neighbors took one-third of the flamingos back and painted them white, and the newly painted white flamingos were put back on Sue's front porch. Then on Sunday morning, they added another 18 pink flamingos to the collection. By Sunday afternoon, how many more pink flamingos were out than white flamingos?	24	<pad> 18</s>
194	Violet wants to buy a new pair. She has prepared $20 for the purchase if she needs five different colors. Each pair costs $2. How much change does she see?	10	<pad> $5</s>
195	A coin is worth $1.20 per coin and $0.30 per coin. What is the value of 8 coins?	12	<pad> $0.30</s>
196	200 pounds of carrots distributed to 40 restaurants in a particular city. Each restaurant receives 2 pounds of carrots. How many pounds of carrots are not used?	120	<pad> 40</s>
197	There are exactly 23786 inhabitants in the city of Soda. They include 8417 men and 9092 women. The remaining population is made up of children. How many children are there in Soda?	6277	<pad> 796</s>
198	Elaine initially had 20 Pokemon cards. A month later she collected three times that number. In the second month she collected fewer than 20 cards than in the first month. In the third month she collected twice as many Pokemon cards as in the first and second months. How many Pokemon cards does she now have in total?	320	<pad> 60</s>
199	Mark is a copywriter. He sends the same amount of articles per week to two different publishers, who each pay him differently for each article. Publisher B pays Mark twice as much as Publisher A. If Mark publishes a total of 1,000 articles per week, Publisher A pays him 5 cents per article. In a week, how much money does Mark make?	7500	<pad> 2,500</s>
200	Baldur draws water from a well - five buckets in the morning and six buckets in the afternoon. If each bucket holds five liters of water, how many liters of water does he get each day?	55	<pad> twenty-five</s>
201	John wins a prize at his workplace. The prize consists of a one-time cash award of $5000 and a 5% salary increase. If he earns $2000 per week, how much money did he earn that year if he earned the prize every week and on the first day of the year?	114,200	<pad> $12000</s>
202	Josie grows vines on 10 acres. Each acre produces 5 tons of wine per year, while each ton of grapes produces 2 barrels of wine. How many barrels of wine does her farm produce per year?	100	<pad> 200,000</s>
203	Carl's favorite food is sandwiches. This week he ate one sandwich every day for lunch, and used 2 sandwiches on each sandwich. Three days a week he ate an omelet for breakfast rather than an egg and an omelet for a sandwich. He made a big meal of pasta and sandwiches and used 8 sandwiches to save him for lunch that week. How many sandwiches did he use?	31	<pad> 10</s>
204	Janet had 22 green pencils and 10 yellow pencils, and then she bought 6 bags of purple pencils and 2 bags of red pencils - 9 pencils in each purple pencil and 6 pencils in each red pencil.	98	<pad> green</s>
205	If Brinley scored 89, 71, 92, 100, and 86 on the first five exams, what score would she need on the sixth exam to get an average of 93?	98	<pad> 100</s>
206	Michael enjoys cycling. He does it at least five times a week and regularly covers 25 kilometers. He did it for four weeks, then decided to cycle only twice a week, but regularly covers 60 kilometers, and did it for three weeks. How many kilometers did Michael cover in total?	860	<pad> 105</s>
207	Joe's bag contains a Halloween caramel, 25 chocolates, and 80 apple caramels. Each chocolate caramel weighs twice as much as a caramel apple. If each chocolate caramel weighs 40g, how much does Joe's bag of caramels weigh, in grams?	2600	<pad> 225</s>
208	Rose went to the store on Monday and bought 4 cakes. On Tuesday, she went to a different store and bought three times the number of cakes. On Wednesday, she went to another store and bought five times the number of cakes she had bought on Tuesday. How many cakes did she buy three days later?	76	<pad> 8</s>
209	The total cost of purchasing the 20 balls is $1200 less than the total cost of half a dozen shares sold for $6,000 each.	145	<pad> Answer not in context</s>
210	Sarah wants to buy a new jacket and 2 pairs of shoes for herself. The jacket she wants is $30 and each pair of shoes is $20. Sarah takes care of 4 children in the neighborhood, each time she takes care of a child she gets $5. Her parents pay her $4 for every time she cuts the grass. If Sarah saved $10 before she started taking care of the baby, how many times would she have to cut the grass before she could buy a jacket and shoes?	10	<pad> 4</s>
211	Jerry has a flock of chickens. The red chickens lay 3 eggs a day, and the white chickens lay 5 eggs a day. Jerry collects 42 eggs a day. If two white chickens have more red eggs, how many red eggs do they have?	4	<pad> 2</s>
212	Gary enjoys strolling along the edge of the local park, which is a rectangle of about one and a half miles by six miles.	5	<pad> Gary</s>
213	While in the dollar store, Sloan counted 100 customers entering the store. The next day she counted 50 more customers than the first day. If the total number of customers on the third day was 500, how many customers did she count on the third day?	250	<pad> 300</s>
214	Jerry had two barrels, each of which made 4 gallons of water per minute. 4 minutes ago, the big barrel held twice as much water as the smaller barrel. Now the big barrel holds four times as much water as the smaller barrel. How much water does the smaller barrel hold?	8	<pad> 4 gallons</s>
215	Lori wants to buy a pair of shoes for $320 and a matching belt for $32. Her part-time job pays her $8.00 an hour. How many hours does she have to work before she can make her purchase?	44	<pad> twenty-five</s>
216	Janet borrowed $2000 and promised to pay back 10% more of the money. If she had to pay $165 a month for 12 months, how much would Janet have left over in that time?	220	<pad> $275</s>
217	There are 4 roses in a bush. There are 7 more roses in a bush. How many bushes are there in a bush?	15	<pad> 4</s>
218	Adrian is three times as old as Harriet, and Harriet is half as old as Zack. If Harriet is now 21 years old, the average age is three years in three years.	45	<pad> Zack</s>
219	Four students scored a total of 251 points per board game. Naomi scored 68 points. Yuri scored 10 more than Naomi and Briana scored 17 points more than Naomi. Jojo scored how many points?	54	<pad> 68</s>
220	Carmen takes 10 minutes to complete a puzzle game, and 5 minutes to complete a sudoku puzzle game. Last weekend she solved 3 crossword puzzles and 8 sudoku puzzles. How much time did she spend playing these games?	70	<pad> twenty minutes</s>
221	One tank holds 120 liters of water, and Celle used 90 liters of the tank to irrigate her small field and then collected twice as much rainwater as before.	90	<pad> Celle</s>
222	Andy stands 90 degrees lower than geranium and 40 degrees lower than petunias. How many degrees does he stand in total?	140	<pad> 130</s>
223	One company spends $15,000 on advertising for one year, and then a third of that amount for the next year.	20000	<pad> $15,000</s>
224	Carlos rents a boat for $30 an hour, and Ben rents a raft for $18 an hour. If Carlos rents the boat for 3 hours and Ben rents the raft for 5 hours, how much rent would they pay in total?	180	<pad> $60</s>
225	Andrew plans to travel by road from New Jersey to Rochester. It takes 6 days by bus to travel from New Jersey to Rochester and half a mile by car. If he plans to travel by bus to Rochester and back by car from Rochester, how many days will it take?	9	<pad> 7 days</s>
226	James is counting his Pokemon cards. He has 30 types of fire, 20 types of rain, and 40 types of water. If he loses 8 of the water and buys 14 types of rain, what is the percent chance (sorted to the nearest integer) that the randomly drawn card is the water type?	33	<pad> twenty %</s>
227	Chad ordered to make his own burrito for lunch. The basic burrito is $6.50. He added extra meat for $2.00, extra bread for $1.00, avocado for $1.00, and 2 pieces of salt for $0.25 each. He decided to enhance his meal with an additional $3.00 that included chips and drinks. He had a $5.00 gift card that expired. How much debt did he have?	9	<pad> $9.00</s>
228	Kalinda is making a 360-degree puzzle game with her mother. Kalinda can add 4 puzzles per minute by default. Her mother can add half as many puzzles per minute to Kalinda by default. How many hours will it take them to finish this puzzle game?	1	<pad> twenty-five</s>
229	One banana plant produced 120 baby bananas. Ashley went to the farm two months later and found that 30% of the bananas were ready to be harvested, so she took them home. When she returned two weeks later, 3/4 of the remaining bananas were ready, so she harvested them. After two weeks, how many bananas were not ready for harvest?	21	<pad> 25%</s>
230	Mark buys 12 cars for his company. Each car sells for $20,000. He pays 10 percent tax on the cars, and then he pays an additional $1,000 for each one. How much does he pay for everything?	276,000	<pad> $250,000</s>
231	Kyle and Robert enjoy going to the beach and collecting seashells. On Monday, Kyle collects 5 more seashells than Robert collects 20. On Tuesday, Kyle collects twice as many seashells as she did on Monday.	50	<pad> Kyle</s>
232	Dax went to the orchard to gather some apples, only to find half a dozen apples in the orchard, about fifty in total.	75	<pad> Dax</s>
233	Thirty-six penguins sunbathe in the snow; one-third jump into the sea to swim; one-third hide in caves to eat their lunch; how many penguins still sunbathe?	12	<pad> Thirty-six</s>
234	Steve decided to start eating more tomatoes and decided to grow his own tomato cherry. Even his girlfriend eats twice as much, 6 times a day. If a vineyard can produce 3 tomatoes a week, how much wine does it need?	21	<pad> 3</s>
235	John orders some pizza to share with his friends. There are 20 friends in total, and John wants to make sure that each of them can have 4 slices. Pizza is only sold sliced into 8 pieces. How many pizzas does it take for John to order?	10	<pad> 20</s>
236	He used a lot of pencils. He realized that by combining five of the pencils, he could make a whole pencil. If he bought 25 pencils and used the pencils to make a new one, how many pencils would he have?	31	<pad> 25</s>
237	John took his $20 deposit, added an additional $10 to it, and then used the money to triple his income within a year.	90	<pad> $10</s>
238	If Jesse is 20 years old, what is the combined age of these three girls?	68	<pad> 20</s>
239	If the number of students in a school is 3 A, B, and C, then 30% of the students graduate with a B, and the rest with a C.	280	<pad> Answer not in context</s>
240	If John has 54 caramels, how many caramels does John James have?	21	<pad> 54</s>
241	Dolly has two books. Pandora has one. If Dolly and Pandora both read each other's books and theirs, how many books did they end up reading together?	6	<pad> 3</s>
242	Mike had 5 co-writers in the company. He stopped writing to 2 of them. Each of them sent 2 letters a week that were 5 pages long. He replied the same. He could write a page in 6 minutes. How many hours a week did he spend writing?	3	<pad> 2</s>
243	Jason has a monthly phone plan of 1000 minutes. He has 15 minutes every day with his boss on the phone, and an additional 300 minutes this month with other people. If this month has 30 days, how many minutes does Jason have left?	250	<pad> 800</s>
244	Griffin had 24 french fries, but Kyle received 5. Bill received twice as many as Kyle. Ginger gave Griffin her full hand of fries, and then Colby received 3 fewer fries from Griffin than Kyle received. If Griffin ended up with 27 fries, how many Ginger fries did Kyle give Griffin?	20	<pad> 5</s>
245	There are 4 fish in one aquarium, and 32 in the other. The difference in the number of fish in the two aquariums is twice as large as the number of fish in the two aquariums. If the two aquariums contain the same fish, how many fish are there in each aquarium?	7	<pad> 4</s>
246	Jean's make-up artist charges her $250 per hour. If she needs expensive make-up for a film she's in, she needs to work 6 hours a day, 4 times a week. The film takes 5 weeks to complete. After the film is made, the make-up artist gives Jean a 10% discount due to the amount of work done. How much did Jean pay?	27000	<pad> $650</s>
247	Isabel spent $12 for the cake, $43 for the birthday present, $15 for the flowers, $4 for the invitation, and $22 for a nice bag for the guests. She divided the cost with her two parents into three parts. How much did each person pay?	32	<pad> $22</s>
248	Chef bought 4 bags of chicken. Each bag weighs 50 pounds. One pound of chicken costs $1.50. How much did Chef spend?	300	<pad> $9.00</s>
249	On Monday, Sue ate four times her sister's cookie, on Tuesday she ate twice her sister's cookie, on Monday she ate five cookies, and the next day she ate 13 cookies. If one cookie has 200 calories, how many calories did Sue eat more than her sister?	5,600	<pad> 300</s>
