Unnamed: 0	question	answer	gpt-4
0	Janet's parents are celebrating on Sunday, November 16th. In the morning, they eat three cookies and use the rest to make muffins for their friends. The rest, she sells the next day for her chicken soup that she purchased 2 pounds of a new chicken. How much (in dollars) will she make the next day for her chicken soup?	18	the information provided does not specify how much janet sells the muffins for or the price of the chicken soup. therefore, it is impossible to determine how much she will make the next day for her chicken soup.
1	one piece of clothing requires two layers of thin fabric and half the amount of white fabric. how many layers of fabric do we need for the whole piece of clothing	3	3 layers
2	Josh owns a home improvement business. He buys an 80,000-square-foot house and then invests $50,000 into the food business. The sale of the house increased the business by 150%. How much did the business benefit?	70000	the business benefited by $120,000.
3	Jacques runs 3 sprints 3 times a week. A typical sprint is 60 meters. All in all, he runs 4 meters a week.	540	540 meters
4	In order to protect the health of her chickens, Wendy gives them three bowls of peas mixed with herbs and herbs. She gives them three times a day. If she wants to give them another 25, she will give them the same amount of food at the end of the day, depending on the size of the chickens.	20	75
5	Kylar borrowed money to buy months for the new house. One month is worth 5 pf but the second month she doesn't buy when she gets 60% of the stock. Kylar wants to buy 16 months. How much will it cost to buy them?	64	800 pf
6	Toulouse has twice as many sheep as Charleston. Charleston has three times as many sheep as Seattle. If Seattle has 20 sheep, how many sheep does Toulouse have, Charleston and Seattle combined?	260	180 sheep.
7	Carla is taking a 200GB file, removing the 2GB memory that occupies about 40% of the image, and Windows asks her to do some reworking. This takes about 20 minutes. Carla has to restart the image and start from scratch. How long does it take to recover the entire file?	160	it takes 20 minutes to recover the entire file.
8	Jean drives for 3 hours at a speed of 60mph, then turns around and doesn't realize that she's forgotten something important at home. She tries to get home at 4 hours, but it takes her two hours to get home because of a car accident. Half an hour later, she runs at 30mph and drives at 80mph at 4 hours. What is the distance between her home and home if the 4 hours are right?	45	240 miles
9	If a worker works 40 hours a week, Elisa's hourly wage is 10 pf and she earns the same amount of energy for the hours she works per month. If a worker works 45 hours a week, how much is her hourly wage?	460	9.33 pf
10	A new procedure is repeated 60 times in the first month. The number of repetitions in the second month is three times more than in the previous month. Then the calculation is repeated for the remaining 30% in the third month. After all, how many times do we repeat the procedure in three months?	366	240 times
11	Toula bought several bags of bread from the bakery. She bought three bags of twelve loaves of bread for $68, two bags of twelve small cakes for $80, and six bags of twelve small cakes for $55. How many bags did she buy?	694	toula bought 11 bags.
12	carlos wants to plant a single lemon tree. the average annual yield is 90 f. a year a tree will produce about 7 lemons that we will harvest if it costs 1.5 f per ton. the life expectancy of the tree is 3 f years. how many years does carlos have to wait for his lemon tree to be able to generate income.	13	3 years
13	Melanie is a housewife. When she bought the white house, she sold a third of the cats, then sold two of the red houses, and finally sold the remaining third of the orange house. If Melanie had 5 cats, how many cats did she own?	18	melanie owned 15 cats.
14	If a dance studio has 20 dancers, 20% of them are new dancers, 25% are jazz dancers, and the rest are hip hop dancers. How many of them are hip hop dancers?	60	12 dancers.
15	A seller chooses between two options: buy a piece of furniture that costs $5000 or buy a piece of furniture that costs $8000. if the seller calculates a financial gain of 2.5% on the sale of a piece of furniture as well as 1.2% on the sale of a piece of furniture in a month, if the seller makes a decision to increase the price of a piece of furniture to make money in the next month, how much will his profit increase?	125	$40.
16	Two buses travel to San Rafael in one hour. We continue to drive to the end of the tunnel and then they both run about 80 miles. The next day, they travel to the end of the tunnel for about 150 miles. What is the distance between the buses that ran those two days?	230	0 miles
17	Jill's tuition is $20 an hour, and Bud's tuition is $30 an hour. If she works 35 hours a week teaching and 15 hours a week caring for the kids, how much does she make a year?	57500	$52,000
18	To put it another way, Claire gets up three o'clock every morning. How many times a dozen o'clock does she have to eat for four weeks?	7	84 times
19	Marissa walks the 12 miles in one go. She takes an hour to walk the 4 miles of the U.S., and then another hour to walk the next two miles. If she wants half of her sister's mileage, she walked the 4 miles an hour before, how much of her sister's mileage (that's one mile an hour) should she use to calculate the remaining distance?	6	6 miles
20	There are 10 gallons of water, about two-thirds of the way. Doesn't anyone want to mix 15 gallons of pineapple water, or maybe a gallon of water? How many gallons of water are left in 24 gallons?	15	9 gallons
21	Raymond and Samantha are cousins. Raymond gave birth to Samantha a year before she was 23 years old. If Samantha is now 31 years old, how old are Raymond's children?	14	10 years old.
22	Billy sells DVDs. On Tuesday, he has 8 customers. 3 first customers buy one DVD, the next 2 customers buy 2, and the last 3 buy nothing. How many DVDs did Billy sell on Tuesday?	7	9 dvds
23	one of the drill holes has collapsed to a depth of about 2 centimeters per hour. how many centimeters does the drill hole miss when measured from 13H to 17H?	8	16 centimeters
24	Kyle bought the book more than it sold last year at $19.50, even though we returned 25% of the book's sales. How much did your book cost?	26	$26.00
25	Marie managed to buy a 12-dollar house, five 3-dollar apple cartons, three apples for $1.50 each, and a bag of pizza. Marie managed to buy everything for $50 each. If a bag of pizza costs $8.50, how many bags did Marie manage to buy?	2	5 bags
26	Marie bought 3 pairs of shorts, 3 pairs of socks, and 3 pairs of shoes. A pair of shorts cost $16.50, a pair of socks cost $22.50 and a pair of shoes cost $42. How much did Mishka pay to buy everything?	243	marie paid $243.
27	Cynthia eats the glass as a snack every night. She buys cartons of 15 snacks each, which cost $4.00 each. After 60 days of eating, how many bottles will she have to buy?	16	120 bottles
28	Henry's two trips were unsuccessful and he had to drive 60 miles. His first rest was 20 miles, and he rested 15 miles before completing the trip. How many miles did he drive between the two rest stops?	25	25 miles
29	Instead of buying shoes, Gloria found a pair of shoes that would increase her price. But she had to choose between a pair of shoes or two pairs of high-heeled shoes, both of which cost five dollars less than the price of the shoes. If the price of one pair of high-heeled shoes was $33 and the price of the other pair was twice as much, how much was the price of the shoes?	104	$76
30	Darell and Allen's ages are equal to 7:11 since the sum of their ages is now 162, making Allen's age ten years.	109	allen is 99 years old.
31	Gunter tries to count the number of holes in each hole. He asks his friends to calculate the number of holes in the hole. One of them says 80. The other says he gave half as much as the one who gave 20. The third says he gave 25% more than the one who gave? What is the number of half as much as they gave?	80	10
32	Jean takes care of ten dogs. Does a dog need 0.5 hours a day to walk and do anything else? How many hours does Jean take a day to take care of the dogs?	35	5 hours
33	Gretchen has 110 medals. The gold medals outnumber the silver medals by 30. How many gold medals does Gretchen have?	70	70 gold medals.
34	Siobhan has two fewer legs than Aron. Aron has ten more legs than Raymond. If Fekke has 40 legs like Raymond, how many legs does Siobhan have?	23	38 legs
35	Mike scored 4 points in the first 20 games. He scored 25% more points in the next 20 games. How many points did he score in total?	9	mike scored a total of 105 points.
36	Terry eats 2 yogurts a day on Sundays, and we sell 4 yogurts for $5. How much would you pay for 30 yogurts?	75	$37.50
37	Jean wanted to sell all the furniture and then used the money to buy video games, including 13 lego games, which she sold for $15 each. Finally, she bought 8 video games that sold for $20 each, which sold for $5 each. How many lego games are there?	2	13 lego games
38	Jean runs 60 miles a day every week. She runs 3 times a week. The first day she ran for 3 hours, the other two times she ran twice as little. Is Lann her doctor?	10	no.
39	A running horse is three times as fast as a walking horse, and if it stops it is twice as fast as a running horse. If it stops at a speed of 3 miles per hour, how many miles can it run in one hour, if you know how it does 1/3 of its running time and 2/3 of its walking time?	18	9 miles
40	Brandon's iPhone is three times as old as Ben's. Ben's iPhone is twice as old as Suzy's. If Suzy's iPhone is 1 year old, how old is Brandon's iPhone?	8	6 years old
41	Perg, the giant snowflake, flew over Farbo's moon and plunged the snowflake 1,000 feet into the air. Polly could have won the gold medal, a weapon that could have captured the snowflake, with a 400-foot cannon, very close to the fire. If Polly could have captured the sapphire moon, I could have thrown it at least three times. If Polly could have captured the sandstone, with the cannon, Polly would have stood in front of the fire, and could have captured the snowflake.	200	polly could not have captured the snowflake.
42	Mrs. Jones cooked ten apple cakes to light the fire. Then she cut an eight-thousand-dollar cake and spread the cakes on the dining-table for someone to eat. When it was time for breakfast, all the cows had eaten their food, and there were fourteen thousand. How many thousand cows were there?	26	14
43	According to a nutritionist, one bag of potato chips produces 250 calories of protein. If a 300-g bag produces 5 calories of protein, how many potato chips would you eat if you didn't know how many calories you would eat a day in 2000 if you had eaten 1,800 calories?	48	60 potato chips
44	Charlie wants to sell his meat-packing boxes. A hundred meat-packing boxes will make him make 10 brown meat-packing boxes. A book of meat-packing boxes costs $10. Since he makes and sells 20 meat-packing boxes, how many people know that a meat-packing bowl costs $2.00?	20	the information provided does not allow for determining how many people know the cost of a meat-packing bowl.
45	Meredith is currently self-employed and her healthcare consulting firm gives her clients a four-hour workday, based on a thorough review of the entire document. Last week, she wrote five letters to the editor and two-fifths to the editor. Alarba wrote twice as much as she did on Tuesday.	104	meredith wrote seven letters to the editor last week.
46	When she went to work at the coffee shop, Candice made 80 little notes that she would write for the rest of the day in her bag. One day, she stopped to buy a large box of these notes. When she finished her work, she had 220 copies of each of these notes. If she had only 23 little notes left to write, how many notes would she have had to buy?	163	197 notes.
47	Jean bought the red carpets for twice the price of the red carpets. The red carpets were 50% more expensive than the red carpets. She bought the red carpets for $200 and the red carpets for $40 each. How much did Jean buy?	800	jean bought the red carpets for $240.
48	To maintain the records of her childhood, Tracy used a 4-foot-long iron bar. The bar was cut into 6-inch-long pieces. How many pieces were there?	8	8 pieces
49	Richard lives in a house in a 15-story building. There are 8 houses in the building. If we know that 3/4 of the building is occupied by us, how many houses are there that are not occupied by us?	30	5 houses
50	Lloyd was the sole owner. His brothers made 252 eggs a day and sold them for $2 a dozen. How many eggs would Lloyd have had?	294	lloyd would have had 252 eggs.
51	Tom's boat can run up to 10 miles per hour. If it hits the sea between 13H and 16H, then it will take its way back home at a speed of 6 miles per hour. How long will it take to get back?	5	it will take 10/6 hours to get back.
52	Uriah's pocket was too heavy for him. he had to turn over a 15-pound sheet. a book weighing 1/4 of a pound and a child's pencil weighing 1/2 of a pound. if he had 30 books, how many would be left to solve the pencils?	15	29 books.
53	A catamaran maker sets up shop to make large and small catamaran spirits. A large catamaran spirits costs $60, and a small catamaran spirits costs $40. Alxamis made 6 small catamaran spirits and 4 small catamaran spirits, but he did not make 12 small catamaran spirits and did not make large catamaran spirits. The day he had more than he used to, how many catamaran spirits did he make?	40	10
54	Doubtfire's daughters danced at the burning of the animals and became the mothers of 7 kittens who were brought to the house to be trained to care for them. When we returned home, their mother called them and told them how their two kittens had been adopted. She said that Patchy's kittens were three times the number of kittens that the women had taken into care of, and Trixie, the other cat, had 12 kittens. How many kittens has the family of Doubtfire adopted now?	40	the family has adopted 15 kittens.
55	John had three pairs of shoes to eat, two pairs of shoes to wear, and two pairs of shoes to wear. How many pairs of shoes did John wear?	14	4 pairs of shoes.
56	Pierre wants to go to the movies every week. He buys a ticket for $7 and $7 for everyone else's tickets. If he has $42 a week, how many times can he go to the movies?	3	pierre can go to the movies 3 times a week.
57	A large luggage carrier is preparing to sell a luxury car that costs less than 5000 livres. A large carrier made of identical boilers whose design costs 15 livres each. If you add the driver's design and the empty carrier together, it costs 3755 livres. How many boilers can we make a large car that does not exceed its capacity?	83	19 boilers.
58	Stéphane buys a piece of fruit from a vending machine. His bill for all the lime he buys is $40.00 . but in order to convince him to stay, he increases the price of our bill by 25% so he increases the price by $3.00 that same year. Stéphane may raise the price by $4.00 that same year. If we calculate the price of everything, how much did Stéphane save?	57	stéphane saved $1.00.
59	A single grape has 6 bunches of 20 berries, and 67 berries are removed and planted in small trees. How many berries are in total?	187	120 berries
60	A bunch of twenty-five eggs is only one egg, twenty-five eggs are not, two eggs are all good. How many eggs are good?	17	one egg is good.
61	Janet bought her daughter a car from a factory. She spent $500 to buy the equipment, then spent $800 to build a car factory, and she spent 10% of that money to maintain it. How much did she spend?	1430	$1380
62	If, for example, Marky had rented the same place for 40 years, he would have earned $50,000 a year. If he had worked for 20 years, he would have earned 5% a year. If he had rented the same place for 30 years, how much money would he have made?	25000	$1,500,000
63	Athena records that one company sells all of its products for $140 a month. If the company manages the equipment that sells the products, it calculates the cost of the products for the first quarter of the year, and then subtracts 10% of the other quarter for the rest of the year. How much does it cost to use the equipment that allows it to see all the products?	1596	$1,512
64	Sophie wanted to go on a trip with her daughter and wanted to ban the practice of running because her water tank was always full. She ran 100 miles before filling it with water and then added 4 pairs of shoes to complete the race. When the race was over, she didn't know how to use the 12 pairs of shoes. How many miles could Sophie have run if only one was filled?	300	200 miles
65	Jim spends two hours watching TV and then cuts the screen time down to half an hour. This is done three times a week. How many hours does he spend watching TV a week?	36	4.5 hours
66	A basketball team assembled three teams to compete. One team won a women's championship, one won a men's championship, and one won a five-a-side tournament. The teams also won a four-a-side tournament. How many points did all the teams win?	48	the question does not provide enough information to determine the number of points won by all the teams.
67	A jeweler opened a jewelry box. The box contained 175 diamond rings, 35 rubies more than twice the size of diamonds and emeralds more than twice the size of rubies. How many jewelry boxes were there?	595	1
68	Men are twice as likely to marry as women, according to Dr. Wertz. If there are 60 women and 5 children per teacher, how many children are there?	36	300 children
69	Bailey received a monthly donation of $8 for the first 8 weeks. Now she needs to earn $100 for the next 8 weeks. And how much money did Bailey get for her donation?	60	$164
70	During the week, Judy teaches five times a week. On Sundays, she teaches eight times a week. If she teaches 15 students for $15.00 each, how much money does she make per week?	7425	$1,125.00
71	Celian cooks two recipes based on two cooking methods. One of them has 20 recipes, the other one is twice as long as the first. How many recipes does Celian have to learn to cook two recipes?	60	2
72	Tommy collects money for a charity that sells brownies for $3 each and cheese cakes for $4. Since Tommy sells 43 brownies and 23 cheese cakes, how much money does Tommy make?	221	$259
73	Shiela bought two sets of equipment so that she could call a replacement that would cost her $150 a month for three months. Even if we had a 2% increase, how much money would Shiela have to pay each month for 3 months?	255	$153
74	Artie sells three different types of soup: soups, petunias, and begonias. He sells soups for $2.74 a jar, petunias for $1.87 a jar, and begonias for $2.12 a jar. His taste is impeccable, and Artie is close to the market. He sells 12 pots of soup, 9 pots of petunias, and 17 pots of begonias.	88	$83.35
75	Luc Daffy builds high-rise buildings with sand from the sea. He calculates that the area of the roof of the house is half the area of the ground. If you add all the areas, what would be their width if you knew the width of the highest wall of 16 feet of wet concrete?	60	8 feet
76	Cecilia always buys a puppy. According to the veterinarian's recommendation, she must feed the puppy one bowl of food every 180 days. If she does, she must feed him 2 bowls of food every day for the rest of his life. Considering that her diet consists of 110 bowls, how many bowls of food does Cecilia feed the puppy each year?	5	730 bowls
77	Raymond's salary is twice as low as Sarah's, and Sarah's salary is three times that of David's. Knowing that Sarah earns 400 pounds, how much more do David and Raymond earn?	100	david earns 133.33 pounds, and raymond earns 200 pounds, so together they earn 333.33 pounds more.
78	Vincent had the option of buying 3 bottles of flowers for $2.50 or a bottle of 2 for $1. How much money could he have saved if he had bought 18 bottles that sold more easily?	6	$3.00
79	Jean bought a dog and went to the grocery store to buy it for $100. The grocery store gave her a 30% discount because she was a new customer. When did the dog's food arrive?	70	the question does not provide information about when the dog's food arrived.
80	Two women each get 1/6 of 24 liters of water. Then one man gets 6 liters of water. How many liters of water is that?	10	10 liters
81	Charlie has 10 tapes. He bought another 21 that the family collected and used 23 of them to celebrate his birthday. Now, he gives his sister 9 and uses 28 of them to save the tapes that we write prayers and dedicate to our loved ones. How many tapes are left?	17	1 tape
82	Grace weighs 25 pounds. Alex weighs less than twice as much as Grace weighs four times. How many pounds is the sum of your two weights?	623	the sum of their weights is 145 pounds.
83	We planted 3 rose bushes. One plant produced 25 roses and the rose had 8 flowers. All in all, how many flowers did you get?	600	33 flowers
84	a professional footballer has played 22 matches. he has won the championship 8 times. how many times has he won?	15	8 times
85	Gene wears an old-fashioned shirt. He wears an old-fashioned shirt to go to bed. He wears an old-fashioned shirt to go to bed. He wears an old-fashioned shirt to go to bed. He wears an old-fashioned shirt to go to bed. He wears an old-fashioned shirt to go to bed. He wears an old-fashioned shirt to go to bed. He wears an old-fashioned shirt to go to bed.	44	gene wears an old-fashioned shirt to go to bed.
86	Greg adjusted his time machine so that it would rotate 3 times a day. When the machine started to rotate, it would rotate until Greg would say no. He didn't register a rotation, so it rotated three times. The second time it rotated three times. The third time it rotated twice as fast as the second time. How many times did the whole thing rotate?	22	12 times
87	A law firm pays its employees $600 a month. Dafy wants to increase the company's interest rate to 10% of her salary. Sylvie is celebrating her fifth anniversary with the firm last December. How much is a year's salary after three years?	9360	$7,920
88	Marilyn's company's turnover was more than ten times that of Harald's company. Although they sold 88,000 units of the company's products together, how many units of the company's products did Harald sell?	8000	8000 units
89	Christina holds a birthday party and wants to give a girl a gift of 0.75 sweets; since 1/4 of the girls didn't show up and she was 16 and one sweets cost 2$, how many did she sell to buy a sweets gift?	24	8
90	Ted Tyrannosaur wants to build a steam cooker in the dinosaur meatpacking plant. Imagine that it would cost 10 pounds for an adult dinosaur to cook meat for a younger dinosaur. If 20 adults and 10 children came to the meatpacking plant, how many pounds of steam would Ted have to build in order to feed everyone?	225	230 pounds
91	Marcia has three times as many pets as Cindy does. Marcia has twice as many pets as Cindy does. Cindy has four pets. How many pets do we have?	28	the statements are contradictory, but based on cindy having four pets, the total number of pets cannot be accurately determined from the conflicting information provided.
92	Emilie has three children named Amy, Jackson, Corey and Jack. Amy is 5 years older than Jackson and Corey is 2 years younger. Since Jacques is 10 years old and Corey is 1 year older, how old is Jackson?	4	8 years old
93	In the morning, Lee ran the 400 meters and won the race by more than two seconds over Gerald, but when Gerald changed his diet, he increased his speed by 10%. If Lee ran the 400 meters and won the race by 38 seconds, how many seconds does Gerald run without changing his diet?	36	418 seconds
94	If in one area, the number of households exceeds the number of households of twelve if you add the number of dogs to the number of cats. if in one area there are two cats and sixty dogs, how many households are there in the area?	348	13
95	Of the 200 girls who made CM2, 2/5 are boys and 2/3 of the girls are scouts. What is the percentage of girls who are not scouts?	40	20%
96	Harry fell asleep at nine o'clock last night. His friend Jacques slept for two-thirds of that time. If you don't count Jacques, how many hours did Harry spend asleep?	3	9 hours
97	Freda doesn't cook the tomatoes she saves to make the sauce, the tomatoes are about the same size as the sauce. She cooks 16-ounce buckets and takes 3 tomatoes each. Freda's last sauce cooking resulted in 32 ounces of sauce. How many tomatoes did Freda cook?	12	6 tomatoes
98	We are a group of women who live on a narrow strip of land. One of the women will be able to cross the 15 kilometers long road and then the other 20 women will cross the 15 kilometers long road. 5 women will take a detour to avoid crossing the narrow road. if the 30 kilometers long road had a fixed base, how many women will cross the 15 kilometers long road?	5	21 women will cross the 15 kilometers long road.
99	Marie loves to play. She once received a gift from a farmer who gave her more than enough potatoes. She once had 40 potatoes at the farmhouse in the countryside 2. She now collects one potato at the farmhouse to give to her friends who are nearby. How many potatoes does Marie have?	58	41
100	One day, 4 friends went to visit Jérôme. the first person knocked 20 times before Jérôme opened the door, the second person knocked 1/4 as many times as the first person knocked, the third person knocked 10 times as many as the third person knocked. If you know how the third person knocked 60 times, how many times did the dog shake?	175	the dog shook 0 times.
101	Solo has read 4 pages of a science book, 20 pages of a book that teaches everything about humans and their habitats, 7 pages of a history book and 8 pages of a history book that covers everything. At the end of the day, he has read 15 pages. If he had the resources to finish high school, how many pages would he have read on a Sunday?	6	15 pages
102	Jean likes to drink a glass of water for breakfast, lunch, and dinner. If she doesn't want to go to bed, she drinks a glass of water every night. If she wants to go to bed, she drinks a glass of water every night. If she wants to go to bed, she drinks a glass of water every night. If she wants to go to bed, she drinks a glass of water every night. If she wants to go to bed, she drinks a glass of water every night. If she wants to go to bed, she drinks a glass of water every night. If she wants to go to bed, she drinks a glass of soda every night. How many glasses of water does Jean drink a day?	26	4
103	If the city stretches for 42 miles and if the sea level rises and the sea level sinks, how many steps will it take to destroy the entire city?	140	the question does not provide enough information to calculate the number of steps it would take to destroy the city due to sea level changes.
104	Poppy wanted to make a bronze statue that would cost 1000 bronzes. she had to cut a third of the bronze to make the statue. then her mother cut a third of the remaining bronze to make the statue. how much bronze was left to complete the process of cutting bronze to make the statue?	500	444⅔ bronzes
105	Cody eats three times as many biscuits as Amir does. If Amir eats five biscuits, how many biscuits do we both eat?	20	35 biscuits
106	Jean has 3 boyets. One boyet is 5×6×4. The sides are 1 inch wide. How many boyets can three boyets make together?	72	54 boyets
107	Every afternoon, Frankie watches a TV that has already done its programming. On Tuesdays and Thursdays, he watches a TV show that has already done its programming for an hour. After watching 30 episodes of the show. On Thursdays, he finishes, he finishes his programming and then he watches one episode of the show and one episode of the show. Finally, he watches until midnight because his ears are tired and he watches two episodes of the show. If he watches all 7 episodes of the show, how many episodes of the show do he watch?	3	frankie watches 9 episodes of the show.
108	Henri was preparing cookies that a cook had prepared for him. He wanted to make something twice as good as he had made before, but in the evening, he realized that he had made 15 more cookies than he had expected. After adding 5 biscuits, they were no longer refrigerated and now there were 110 biscuits. How many biscuits had Henri made before?	50	henri had made 45 biscuits before.
109	A gas station sells gasoline for $3.00 a barrel. A company offers a refund of $0.20 a barrel if the container is not filled. If someone buys 10 barrels of gasoline, how many times does the price of gasoline go up before it goes down?	28	0 times
110	Marcel and Béatrice meet us to find out what is the best thing to eat besides fruit juices. Now they've forgotten everything we've found there. The funny thing is, since one day Béatrice found two large and 24 small black peppers, and Marcel has three large and 14 small black peppers. If each of us eats his own peppers, how much is half of what we eat?	45	8.5 peppers
111	Julia's boat sank and she found herself in the river. The boat began to sink 2 liters of water that flowed ten feet towards the shore. It took eleven minutes for the boat to sink. The shore was 64 feet deep, how many liters of water did the boat sink?	16	the information provided does not allow for a calculation of the volume of water that caused the boat to sink in liters. the boat sinking is not directly related to the volume of water in liters based on the depth of the shore or the distance to the shore.
112	one room usually has one white notebook which we distribute to 4 teachers who use this room every day. no one says he teaches 2 classes every Sunday and uses the same white notebook. if we turn the notebook on three times in one class, how many times do we turn the notebook on in one day?	24	12 times
113	Every Sunday, Ryan plants two flowers in his small garden. If you know how 5 flowers grow, how many flowers will the 15 plants have?	25	30 flowers
114	Jamal's telescope can hold up to six times as many birds as the forest of Brittany. The forest of Brittany can hold up to 50 times as many birds as the forest of plants, even if the canals are located in the same area where the animals are. If Jamal's telescope of the 1800s can hold a statue, how many statues can we find?	6	1 statue
115	After we bought some tablets, Shasha checked how much the sale had increased the price by 50% in the last few months. She now sells the remaining tablets. She had 10 2×4×10 tablets that she had bought 10 years ago and bought five 4×4×10 tablets that were worth 16 fps each. Given how much she had sold, how much was the increase compared to the original?	90	the increase was 100%.
116	Katy makes a cup of coffee with a cup of water, a few cups of sugar, a few cups of coffee, a few cups of coffee, a few cups of coffee, a few cups of coffee, a few cups of coffee, a few cups of coffee, a few cups of coffee, a few cups of coffee, a few cups of water, a few cups of water, a few cups of water, a few cups of water, a few cups of water, a few cups of water, a few cups of water, a few cups of water, a few cups of water, a few cups of water, a few cups of water, a few cups of water, a few cups of water, a few cups of water, a few cups of water, a few cups of water, a few cups of water, a few cups	42	katy makes a highly diluted and possibly very sweet coffee.
117	For each of her three children, Jean bought two pairs of shoes that cost $60 each. What's the difference?	360	there is no difference in cost per child; each child's shoes cost the same amount.
118	A customs official at the main port of departure for each of the Seaside warehouses counted two cases of women entering without being checked, one day there were 5 women inside. the next day, other cases of women entering again increased the number of women to 30. counted the number of cases of women entering the country for the second time, taking into account the total number of cases of 5 women.	4	25 cases
119	Adrien's total salary was 30% more than Lylah's salary. Three years earlier, the salary had risen to more than 40% of what she had previously earned. While Adrien and Lylah's salary had risen, and Adrien had earned $40,000 three years earlier, their salary had risen three years earlier.	95200	lylah's salary three years earlier was $28,571.43.
120	Miguel uses 2 cartoons a day to create his paintings. If a cartoon uses 30 cartoons, how many cartoons does the moon use?	240	the question contains a mistake or is not clear. it's not possible to accurately answer how many cartoons the moon uses based on the information provided.
121	Let's throw out Morisette and Kael. Morisette has 5 apples, and Kael has 8 apples. Kael has twice as many as Morisette, and Kael has twice as many as Morisette.	27	impossible, given the initial conditions.
122	Sadie slept for 8 hours a night. The next two nights she slept 2 hours more than usual because of her husband's illness. The rest of the nights she slept 1 hour more than usual. How many hours did she sleep in total?	48	sadie slept for 65 hours in total.
123	Rosie runs at a speed of 10 miles per hour for 3 hours. Then she runs at 5 miles per hour. How many miles would she run for 7 hours?	50	55 miles
124	Jennie comes to help her mother in the office of her company. She already has a list of 60 letters to make stamps and other stamped letters. Now she has made a list of a third of the letters to make stamps. if the list of 30 letters is there, how many were there when Jennie started working?	10	90 letters.
125	Julia is preparing for a dinner party at their house. So she decides to make ragout. She checks that there are no more couscous, and buys a pack of couscous. Later, her husband buys another pack of 5 couscous and gives it to Julia. When she cooks, Julia uses 3 couscous to cook the meal. When she cooks the first meal, she uses 12 couscous. How many couscous are in the package that Julia forgot?	10	17 couscous
126	Dylan had the experience of cooking shrimp and cooking fish in order to make a small cake with shrimp on one occasion. He bought 38 more shrimp sausages and 6 more fish sausages than he bought from the shrimps. How much did it cost to make all the sausages?	82	the question does not provide enough information to calculate the cost of making all the sausages.
127	When we moved to another school, Amy outnumbered Lily's 20 friends. If Lily has 50 friends, how many friends do Lily and Amy have?	120	130 friends
128	Well's mother sells toys, powders, and candy at the grocery store. A box of one toys can be a third box of candy, a fifth box of candy. We sent Dillon to the store to buy 4 toys, 20 toys, and 10 candies. How much money would it cost if each box was worth $15?	880	$540
129	A hospital treats about 500 people a day. The average patient is treated in a tent for 24 hours. Doctors pay the hospital an hourly fee of $150, and $200 per patient. How much does the hospital make per page?	10000	$3,800
130	Nissa hired 60 workers to manage the estate in Santa's hometown of her department store. The three of them took a break from their day jobs when the children left them, especially since the other 10 had quit their day jobs when the children left them. How many workers were left?	30	47 workers were left.
131	In May, Joseph's net worth was $500. This was followed by a decline in June. What is the sum of his net worth over the two months?	940	insufficient information to calculate the sum.
132	Pam and Fred went to a ticketing convention. Pam walked around the block twice, Fred did it four times. Eventually, one of them said that he had made two tickets. If each ticket came with 6 tickets, how many of the tickets were used?	60	12 tickets were used.
133	Altine, Walt walked 4 kilometers. In fact, he walked four times more than he ever walked altine. The distance between Altine and the city is 41 kilometers. How many kilometers did Walt walk altine?	13	1 kilometer
134	Tom showered 4 times a month. If a shower cost him $15, how much would it cost him a year?	720	$720
135	On Brian's map, Bobby has 5 video cameras, which is three times as many as Brian's video cameras. If Brian has 20 video cameras, but he has 5 damaged video cameras, now how many does Bobby have?	40	15
136	The rest of the world's population is 27 million. About one-third of them live in an area as large as Scotland. About two-thirds of Scotland's population are women. How many of Scotland's population are women?	6	1.8 million
137	Rory lost two stones worth $7.50 each, two packets of chips worth $1.50 each, and two packets of cookies worth $1.00 each. The finder's fee was 20%, and Rory also lost $5.00.	29	$22.00
138	In the past, Marc did a 75-question test. his average was 5 questions per hour. Tay also did a 100-question test where he did the same. If Marc took 8 hours for the first test and 6 hours for the second, how many questions did he not answer?	105	marc did not answer 25 questions.
139	In a heat exchanger, there are more than twenty-two times the number of shallow cylinders and four times the number of shallow cylinders. If there are twelve shallow cylinders, how many shallow cylinders are there?	70	there are twelve shallow cylinders.
140	Out of the remaining twenty wheels, twelve are automatic, four are manual, and the rest can be either manual or manual. What is the category of automatic wheels?	20	automatic wheels.
141	There are 700 slaves in a factory. The number of slaves is double the number of slaves, and the number of slaves is double the number of slaves. The number of slaves is equal to the number of slaves.	400	700
142	Jordan spends two hours doing video poetry. He has a freelance job that pays him $10 an hour. How much money does it make if his poetry is used at work?	140	$20
143	It costs $2 for a bag, $3 for a hat, $3 for a lamp, $3 for a cup, and $4 for a secret pocket. If he makes a 10% increase in everything he buys and doesn't eat, how much is it all worth?	16	$14.30
144	Kim set up a mailroom, and counted the amount of mail she could get from her clients. She had three clients, but, hoping to negotiate with five other clients, she sent her mail. Two bottles of toilet paper and a pack of mail would be able to wash each client's house. She would have to spend $2 for a bottle of toilet paper and $5 for a pack of mail. That's all. I don't know how her weekly income would be $92.	20	kim would need 3 bottles of toilet paper and 3 packs of mail for each client. the cost for one client would be $16 ($6 for toilet paper and $10 for mail). with 8 clients, her total cost would be $128. to have a weekly income of $92, her total revenue from 8 clients must be $220 ($128 for costs plus $92 for income).
145	Jean has a pineapple plantation of 10 hectares. If each hectare produces 100 pineapples and Jean harvests them every 3 months, how much can he harvest each year?	4000	40,000 pineapples
146	Johnny removes all the tiles in the room. He removes a 500-foot tile, a 3-foot tile, and a 4-foot tile. How many tiles does Johnny remove in total?	2,125	johnny removes 3 tiles in total.
147	Debra tries to keep track of how many of the puppies are entering and exiting the nest. After seeing 30 puppies leave the nest in the first 6 hours, she discovers that when another puppy leaves the nest in the next 6 hours, she sees twice as many flying puppies as the first time it left the nest. Also, in the next 6 hours, all the puppies that left and never came home are back in the nest. How many of the puppies did Debra see return to the nest in the last 6 hours of the day?	75	60 puppies
148	Brittany and her mother are sitting at the table. The entrance fee is $12 for adults and $10 for children. Brittany's mother gives the vendor money for one baby and one adult ticket. If the difference is $8, how many dollars does she give the vendor?	30	$22
149	Charlie's Facebook page is three times larger than Dorothy's. Jacques's friends are four times larger than Dorothy's. If Charlie has 12 Facebook pages, how many does Jacques have?	16	16 facebook pages
150	Steve and Tim were looking for someone who would be able to finish school as soon as possible. Steve's hometown was more convenient than Tim's, so he was able to pick up his bike. Steve's hometown is 3 kilometers away from the school, 440 feet from the hospital. Tim's hometown is 2 kilometers away from the school. If Kim took a skateboard knowing that the bike was 264 feet away from the hospital, how long would it take the young rider to sit down for the rider to arrive?	4	the question does not provide enough information to determine how long it would take the rider to arrive.
151	Shawnda hopes that the whale show will celebrate the well-being of the children in her care. She is the first to win each pony. The value of each pony is 25 fistins. On the first day, 5 people made the wind their pony whale, 3 people made the wind their three-pony whale. In the end, one person came and won one pony. How much money did you make that day?	5	150 fistins
152	Carl bought ten packets of cookies. Each package contains six cookies. Each cookie costs $0.10. How much would Carl get back if he gave away a $10 gift?	4	$4.00
153	Dave buys a large bag of chips, and eats nineteen of them from the hands of a crooked man. When the crooked man eats them, he destroys almost half of the chips Dave has eaten. Eventually, he is kicked out of the bag by three dogs, each of whom ends up eating three chips. After a while, a small demon steals three of the chips from the other dogs. The British take one and leave the five. How many chips were in the package when Dave got it?	48	76 chips
154	Kimo's classes are three one-hour classes; Tuesdays and Thursdays are two two-hour classes each day. If there are sixteen elementary school classes every six months, how many hours does Kimo study in six months?	272	kimo studies 96 hours in six months.
155	Every day, Bill makes 300 small loaves of bread, 120 chocolate loaves of bread, and 60 bagels of bread. Small loaves of bread, measured by the length of 4 fingers, are about the same size, chocolate loaves are about the same size, chocolate loaves are about the same size, and bagels are about 2 feet long. If Bill were to calculate the total amount of bread he makes for the entire company, how big would it be?	280	the question does not provide enough information to calculate the total size of all the bread made.
156	In order to sustain the wild bananas, the caretaker must harvest bananas from a nearby field every 2 months. If there are 200 bananas for small bananas, 400 for small bananas and 100 for large bananas, how many must be harvested in 2 months?	1400	700 bananas
157	Blake and Kelly compete to see who can run 15 laps. We decide to do it in a 100-yard football game. Blake runs 15 laps, Kelly runs one and then announces that he doesn't want to run next to Blake. He starts running back and forth around the 40-yard line. He does it 34 times. How many chances does the winner have over the loser?	80	blake wins by 1 chance.
158	Raphael went shopping for school supplies. he bought 4 bicycles worth $1.5 each, 2 shoes worth $4 each and a house worth $20. how much did Raphael spend for this?	34	$34
159	Finn observes 11 tetras floating in the lake. If he sees 6 of them emerge from an ice shelf, then he has to hide two of them in the ice. How many tetras can Finn now see in the lake?	15	9 tetras
160	There is a pool of water 17 feet deep at the bottom. On the top, there is another 7 feet of water. The average water depth is about 2/3 of the average water depth. What is the average water depth on the bottom of the pool?	16	12 feet
161	Anakin and Locsin went to sea together. Anakin caught 10 starfish, 6 hippopotamuses and 3 species of fish. Locsin caught 5 starfish more than Anakin, 3 hippopotamuses more than Anakin and 2 species of fish more than Anakin. How many fish did they both catch?	32	anakin and locsin caught a total of 11 fish species together.
162	If a $20 bag costs 20% more every two months to store, how much does a $36 bag cost?	92	$36 bag costs 80% more.
163	a number of dolls are displayed in a room: 5 red dolls, 3 dolls and a doll. the doll is worth 3 dolls, one red doll is worth $4. if it is clear that a doll is worth $5, how much will it cost to buy all the dolls?	50	$62
164	Jackie wonders if she should publicize her wealth or hire a copywriter. If she does it herself, she will be able to do 3 menial jobs, which can cost her $35 an hour. The copywriter asks for $90. how much will she earn in addition to her salary if she hires the copywriter?	15	$15
165	In her 30s, Elvira bought a new computer with a lot of equipment. €1500, which was given to her by her relatives, she also felt that she should be able to buy things. She went to a pharmacy and chose a device with a screen, a calculator and a scanner for €1090. She also bought a scanner for €157, a CD player for €74, and a handwritten signature for €102.	77	elvira spent €1423.
166	Sandra's neighbor gave her a 9-cent piece of paper every time she handed it to her daughter. To make a mistake in español. Sandra needed 3 coins. If we had made her a 15-cent piece of paper with a password for their school's computer. how many times would she have handed it to the kid?	5	5 times
167	Seth is twice as old as Brooke. In two years, they will be 28 years old. What is Seth's age?	16	18 years old
168	Jimmy has $2 more money than Ethel. If Ethel has $8, how much money does Jimmy have?	18	jimmy has $10.
169	at the end of the week you know that it's 10 kilometers. Pancho runs 20 kilometers a day. How many kilometers does he walk in a week?	120	140 kilometers
170	we haven't opened any new hotels yet. we have a restaurant that costs $25, a western that's three times the price, and a restaurant that's half the price of a western. what's a restaurant like that?	150	$37.50
171	Jake walks around the table knowing that a dog is there. He finds 80 8-legged lizards, and 3 that have no shape-shifting bones and are difficult to find that have 10 legs. How many legs does Jake see in total?	1210	jake sees 674 legs in total.
172	There are four birds in Caboose. Sally Two is three years older than Granny Red. Granny Red is twice as old as Sally Four. If Sally Four and Sally Thirtytwo are the same age, and Sally Thirtytwo is 8, what are the four birds?	51	sally four and sally thirtytwo are 8 years old, granny red is 16 years old, and sally two is 19 years old.
173	Jessica's monthly mortgage payment is $300 a month, her credit card is $200 a month, and her mortgage is $500 a month. If Jessica wanted to pay off the other 50% of her mortgage, how much would she have to pay in five years?	18000	$30,000
174	Billy cooks and cuts potatoes for his brother's big barbecue. As an important event, he has 60 potatoes to cook. The potatoes are quick enough, so the time to cook them and cut them is the same. Billy needs about the same amount of chicken and shrimp to cook the potato, but 5 pieces of chicken to cut it. How much time does Billy need to make the potato?	95	billy needs 10 minutes to make the potato.
175	Juan and his brother Carlos sell lemonade. So each of us spends $3 on mangoes and $2 on sugar. We have 20 months of lemonade and sell them for $0.50 each month. If we make a bond of $25, how much will it cost to buy the mangoes?	15	$60
176	In a rally that gathered 240 Asians, 80 of them were shepherds, and the rest were Chinese. If the number of men in the Chinese group was 60, how many women were in that group?	100	100
177	Zaid used 1/4 of his salary to pay for his apartment, 1/3 to pay for his wife and then gave it to his favorite charity fundraiser. He gave $200 to his daughter for her weekly medical expenses, and then $700 to his wife for toiletries and other household items. Since Zaid earns $6,000 a month, would you ask him to pay for the wedding and then give him all of that and everything else?	350	no.
178	Rani is 10 carats better than Monique. Bo is 40 carats better than her, how many carats are there?	122	50 carats
179	Lord earns $10 an hour for teaching Sunday school. He teaches 5 hours during the first week and 8 hours the following week. How much did he earn in the first two weeks?	130	$130
180	Two students compete for the leadership of the class in the school of Sarai. If the winner receives 3/4 of the votes and the total number of votes is 80, what is the number of votes for the loser?	20	20 votes
181	Sandra, who is shaking a piece of paper next to her, is very upset by the incompleteness of the paper that Fred has unrolled. Sandra has unrolled more than 4 times on red paper than on white paper. She has also unrolled 200 lists of colors, which is five times the amount of white paper. Sandra threatens to leave the seller if the seller doesn't return her with 17 hours of red paper left. While Sandra is at her clinic, which of the red papers does Sadra have to unroll before 17 hours?	160	40 hours
182	Jean was married to Marc for two years, Marc was 5 years older than Jean. If Jean is 30 years old, what will become of Jean?	23	jean will be 31 years old next year.
183	two teams compete in a 4x400 meter relay race, a challenge in which each team consists of four runners who race around the course safely. one of the teams is very fast, its runners run 400 meters in 55 seconds of light. the other team is very fast. the first of its runners runs 400 meters in 60 seconds of light, and then the others, each one faster than the previous one by 3 seconds of light. based on these data, which of the four seconds of light did the team run the fastest?	2	the team with runners who run 400 meters in 55 seconds of light ran the fastest.
184	Jerry tosses a six-sided die. What is the probability that a die has a value greater than 3 as opposed to a die that does not have at least two consecutive digits?	25	the probability that a six-sided die has a value greater than 3 is 1/2.
185	Jenna and her mother harvested apples from their garden. Jenna harvested twice as many apples as her mother. If her mother had 20 apples, how many pumps did she use to harvest them all?	30	the question does not provide enough information to determine the number of pumps used, as it focuses on the number of apples harvested.
186	Russell works in a veterinary clinic, distributing small animals with grass. The animals are weighed in 3 cups according to their size. For each animal we give him 6 pieces of grass. He has 10 pieces of hamsters. Each one has a coat on its head. We give him 5 pieces of grass. There is also a rule where we distribute 20 pieces of grass. We don't use a single piece of grass anywhere except in the clinic. If we distribute 160 pieces of grass to the small animals, what are the pieces of grass in the cup?	5	53⅓ pieces of grass in each cup.
187	Mandy owes Benedict $100. We're approaching a 2% interest rate. If Mandy can pay off that money in 3 months, how much should Benoit pay?	106	benoit should not pay anything; mandy owes benedict.
188	a salesman buys bags from a farmer for $20 each. If you take a bag from the farm to the store for $2, and all the bags are sold for $30 each to get a bonus of $400, how many bags do you sell?	50	100 bags
189	three friends spent $20, $25 for three meals to go to a business meeting. we also spent $4, $50 on food. that's less than we spent on meals. we also made two bags of manicures for $33 each. if we're right about the distribution of bags in the middle, how much will each of us make?	34	$6.67
190	Jean wears a mask for 3 hours. He wears 2 masks each. How many masks does he wear?	360	6 masks
191	Chickens need to eat 3.5 kilos of coconut per week to survive. how many kilos of coconut does a flock of 10 chickens need?	5	35 kilos
192	Tom plants 10 trees a year. He also prunes 2 trees a year. He started with 50 trees. In 10 years, 30% of the trees died. How many trees are left?	91	74 trees
193	Sue lives in a very peaceful environment. Within a few hours, her neighbors convince her that she is to blame. On Friday morning, they put about 18 green coffee beans in her fridge. Late in the morning, the neighbors picked up one of the three 18 green coffee beans that we had painted white and returned to Sue's fridge. The next morning, we added another 18 green coffee beans. At 12 o'clock in the morning, how many more green coffee beans were there than white coffee beans?	24	35 green coffee beans more than white coffee beans.
194	Violetta wants to buy a new pair of shoes. She needs 5 different sizes of shoes, for which she spends $20. If a pair of shoes costs $2, how much will they cost?	10	$10
195	If a cart is worth $1, a cart is worth $20, a cart is worth $0, and a cart is worth $30, how much is 8 bikes worth?	12	$0
196	If we distribute 200 kilotons of fuel to 40 regional railway stations. If each station receives 2 kilotons of fuel, how many kilotons of fuel are not used?	120	160 kilotons
197	The population of the village of Soda is 23786, of which 8 417 are men and 9092 are women. The rest are children. How many children does Soda have?	6277	6277
198	In the beginning, Elaine had 20 Pokemon cards. She collected more than three times in a month. During the second month, she collected more than 20 cards than she had in the first month. Finally, during the third month, she collected twice as many as she had in the first two months. How many Pokemon cards have you collected now?	320	elaine has collected 320 pokemon cards in total.
199	Marc is a mathematician. He calculates the number of hours per week for two different accounting firms that have different prices. The number of hours Marc spends with Accountant B is twice the number of hours Marc spends with Accountant A. Marc averages 1,000 hours per week. If Accountant A spends 5 fifty hours per week, how much money does Marc make in a week, in fifty?	7500	marc makes 20,000 in fifty.
200	Baldur pours water from a well. He pours at 5 o'clock in the morning, 6 o'clock in the afternoon. If he pours 5 liters of water, how many liters of water does he pours per day?	55	10 liters
201	Jean received a bonus for her work: a bonus of $5,000 and a 5% pay increase. If she earned $2,000 a week, and if she received the bonus the previous day of the year, how much money did she make this year?	114,200	$109,000
202	Josie produces grapes on her 10-hectare plantation. 5 tons of grapes are harvested per year per hectare. A ton of grapes produces 2 bottles of wine. How many bottles of wine does her plantation produce per year?	100	100 bottles of wine.
203	Formas is Carl's favourite dish. Every week he makes a sandwich with a different recipe. He uses 2 slices of formas in the same recipe. He eats an omelet with a formas and a slice of bread in the same recipe for 3 days a week, which means he uses one more slice of formas than I do in the recipe. He makes a pasta dish with a large portion of formas to save a lot of food during the week. Which means he uses 8 slices of formas in his cooking. How many formas does he use?	31	18 slices of formas.
204	Janet had 22 white bikes and 10 black bikes. The buyer bought 6 red bike bags and 2 red bike bags. Each white bike bag made 9 bikes, the red bikes made 6. How many bikes does Janet have now?	98	janet has 32 bikes now.
205	Brinley is in Mr. Bert's tent class. He makes six tents every six months. He doesn't accept the odds we set for their worst goal every six months. Given that in the first five tents, Brinley scored 89, 71, 92, 100, and 86, what score would it take to complete, in the sixth tent, goal 93?	98	95
206	Michael likes to run fast. Every week he runs at least 5 times at a speed of 25 kilometers per hour. He did it for four weeks, when he first started running twice a week, but 60 kilometers per hour, he did it for 3 weeks. How many kilometers did Michael run in total?	860	michael ran a total of 700 kilometers.
207	A bag of Joe's Halloween candy contains 25 bars of chocolate and 80 apples. Each bar of chocolate is twice the size of an apple. If the bar of chocolate weighs 40 g, what is the weight of the bag of Joe's candy?	2600	the weight of the bag of joe's candy is 5,000 g.
208	Alternatively, Rose went to buy 4 cakes in one store. However, she bought 3 times more than she bought in another store. However, she went to another store and bought there 5 times more than she bought cakes. How much did she buy in a cake in 3 days?	76	rose bought 44 cakes in 3 days.
209	Two dozen packs of 12 cups cost $1,200 each. That's more than half the price of a palace dozen, which costs $6,000 each. How about a cup?	145	$50
210	Sarah wants to buy a new vest and 2 pairs of shoes. The vest she chooses is worth $30 and the pair of shoes are worth $20. Sarah works at her neighbor's house 4 times a week, earning her $5 a day. Her parents give her $4 every time she makes a dress with a wig. If Sarah saves $10 she'll start a baby shower. How much does a dress with a wig cost to buy a vest and shoes?	10	$14
211	Jerry hunts a tiger. Red tigers hunt three tigers a day, white tigers hunt five a day. Jerry hunts 42 tigers a day. If the number of white tigers is more than the number of red tigers, how many red tigers are there?	4	6
212	Gary likes to walk along the edge of an area that has a curve of 1.5 meters on a circle of 6. If he walks 3 meters per hour, how long will it take him to walk?	5	2 hours
213	At the one-dollar store, Sloane had 100 customers come in. The next day, there were 50 more customers than the previous day. If on the third day the number of customers was 500, how many customers did she lose that day?	250	0
214	There are two reservoirs, both of which have a source of polluted water, and each of them receives 4 cubic meters of water. During the passage of 4 cubic meters, the volume of the larger reservoir is equal to the volume of the smaller reservoir. Here, it is equal to 4. What is the volume of the smaller reservoir now?	8	8 cubic meters
215	Lori is willing to pay $32,000 for a pair of shoes and $32,000 for a pair of jeans. Her salary is $8.00 per hour. How many hours does she have to work to pay for these shoes?	44	4,000 hours
216	Janet owed $2,000 and then promised to pay back 10% of what she owed. If she owed $165 a month for 12 months, how much money would Janet have left over?	220	$1,020
217	There are 4 floors in the lake and 7 other floors that are not related to the floors. How many floors are there in the lake?	15	4 floors
218	Adrian's age is three times that of Harriet, who is about half the age of Zack. What are the ages of these three and these three, given that Harriet is 21 years old?	45	adrian is 63 years old, harriet is 21 years old, and zack is approximately 42 years old.
219	Naomi scored 68. Yuri scored 10 points higher than Naomi's average, and Brianna scored 17 points higher than Naomi. How many points did Jojo score?	54	you haven't provided information on how many points jojo scored.
220	Sister Carmen did 10 puzzles to end a sentence (it's a poem), 5 puzzles for a Sudoku poem. Between a chicken and a bear, she traveled 3 different languages and 8 different Sudoku languages. How many hours did she spend on these puzzles?	70	the information provided does not allow for a calculation of the number of hours spent on these puzzles.
221	A water tank produces 120 litres of water. Céline uses 90 litres to water the parched garden. She then collects twice as much rainfall. How many litres of water is left in the tank now?	90	150 litres
222	Andy has planted 90 geraniums and 40 petaniums in addition to the geraniums . How many of these beautiful trees has he planted in total ?	140	130
223	A company office earns 15000$ in advertising revenue in a year, and then earns money from the company that took it over in a year. How much has the office earned in advertising revenue in two years?	20000	$30,000
224	Carlos and Benji are in the office. Carlos rented an office for $30 an hour. Benji rented a big boat for $18 an hour. If Carlos uses a big boat for three hours, and Benji uses his boat for five hours, how much money do they make?	180	this question does not provide enough information to determine how much money carlos and benji make, as it only specifies the cost of renting an office and a boat, not any income they might generate from using these.
225	André is planning a trip to New Jersey from Rochester. It will take him 6 days to travel on empty shoulders and half an hour to travel on empty shoulders. How long will it take him to travel to Rochester with empty shoulders and return empty-handed?	9	6 days and 1 hour
226	James collects Pokémon cards. There are 30 of them from indigenous peoples, 20 from herb-speaking peoples and 40 from water-speaking peoples. If he loses 8 of the water-speaking peoples and then buys 14 of the herb-speaking peoples, what is the probability that he chooses, without thinking, a water-speaking peoples?	33	\[ \frac{32}{96} \]
227	When he was young, Chad bought a burrito. The burrito cost 6,50 §. He added meat costing 2 §, 1,00 § cheese, 1,00 § avocado and 2 sausages costing 0,25 § sausage. He chose the best price, which was more than 3,00 §, so he could add some fries and a snack. He received a 5,00 § complimentary card upon completion of the purchase.	9	11.00 §
228	Kalinda tries to solve a 360-degree puzzle with her mother. She can put 4 pieces of the puzzle together. Her mother puts a new piece together twice each time. How long does it take to put the puzzle together?	1	it takes 5 turns to put the puzzle together.
229	Ashlyn went to the farm for two months. She found that about 30% of the chickens we had raised were able to be weaned, so she took them home. When she returned, two weeks later, she weaned the rest of the chickens, which was 3/4 of the chickens we had raised. How many of the chickens hadn't been weaned for two weeks?	21	70% of the chickens hadn't been weaned for two weeks.
230	Marc bought 12 sets of shoes for his company's offices. Each pair was worth 20000§. He paid the shoes 10% of the leempo, and added another 1000 § for each pair of shoes. How much did it all cost?	276,000	276,000§
231	Kylie and Robert are constantly making cookies in the kitchen. Altogether, Kylie has made 5 more cookies than Robert. Robert has 20 more cookies. For example, Kylie's cookie count is twice as high as his cookie count. How many cookies does Kylie make?	50	kylie makes 40 cookies.
232	He went to the orchard to look for apples. He noticed that the number of apples in the orchard was twice the number of apples in the orchard. If he found 50 apples, what would be the number of apples in the orchard?	75	100 apples
233	There are 36 penguins bathing in the pool. Three of them swim in the sea. The other three go to the cliffs to feed. How many penguins continue to bathe in the pool?	12	30 penguins continue to bathe in the pool.
234	Steve wants to eat more tomatoes, so he decides to eat tomatoes and cherries. His diet consists of twice his normal diet of 6 per day. If it is assumed that one tomato will produce 3 tomatoes per week, how many tomatoes will it take?	21	it will take 4 tomatoes.
235	Jean buys pizzas to share with her friends. She has 20 friends, and Jean wants one of them to have four portions. If the pizzas are equally divided into 8 portions, how many pizzas should Jean buy?	10	jean should buy 3 pizzas.
236	Ram uses a variety of bikes. He figured out how to save money by mixing the ingredients of five finished bikes to make a full bike. If he had to buy 25 bikes he uses to make new bikes when they were finished, how many bikes would he have?	31	45 bikes
237	Johnny took his $20 bill, and added $10 to it. After he worked on the bill, the bill tripled in a year. How much money did he make in a year?	90	$90
238	Marie has been married to Jeanne for two years. She has been married to Jessa for ten years. If Jessa is 20 years old, how old are the girls?	68	marie is 30 years old, jeanne's age is unspecified, and jessa is 20 years old.
239	The building has 3 entrances and exits A, B and C. If, for example, before an assembly, 30% of the students leave through door A, 3/5 exit through door B, the rest exit through door C, how many students leave through door C?	280	10% of the students leave through door c.
240	Jacques has 6 points more than Robert. Jean has twice as many as Robert. If Jean has 54 points, how many points does she have more than Jacques?	21	24 points
241	Dolly has two books. Pandora has only one book. If Dolly and Pandora each read each other's books and their own books, how many books would they list in a row?	6	6 books
242	Mike was the brother of five people, and soon he was the brother of two. The others sent him a letter for five dollars a week. His response to them was the same. If he could write a letter for six dollars a week, how long would it take him to write it?	3	it would still take him a week to write the letter.
243	Jason has a likeness of 1000 likenesses each month. Each day, he joins his likeness for 15 likenesses, and this month, he joins 300 likenesses of other people. How many likenesses does Jason have if the month is 30 days long?	250	jason has 1450 likenesses.
244	Griffin scored 24 points, but Kyle scored 5 points. Billy's score was second to Kyle's. Ginger gave Griffin an extra point, especially since Colby scored 3 points less than Kyle's. If, in the end, Griffin had 27 points, how many points did Ginger give Griffin?	20	3 points
245	There are 4 fish in one tank and 32 in the other. The difference in the number of fish in each tank is twice the number of fish in the tank. How many fish are in each tank?	7	18 fish in one tank, 36 fish in the other.
246	Jeanne was paid $250 per hour by her director. She needed a professional director for one of her films, which took her 6 hours a day. She had to do it 4 times a week. The film lasted 5 weeks. When the film was finished, the director reduced Jeanne's salary by 10% because of the limitations of her work.	27000	$54,000
247	Isabelle purchased items for her sister's birthday party. The total amount she received was $12 for the luggage to the cat, $43 for the birthday party, $15 for the beauty pageant, $4 for the gifts and $22 for the bags we made and gave to the guests. She divided the purchase into three parts between herself and her family. How much did each person pay?	32	$32
248	An executive bought four bags of soap worth fifteen pounds each. If a pound of soap is worth $1.50, how much is it worth?	300	$90
249	Altogether, Sue ate four times as many cookies as her brother. Altogether, she ate twice as many cookies as her brother. Altogether, her brother ate five cookies in the morning and thirteen cookies in the morning. If one cookie has two hundred fruits, how many fruits does Sue eat more than her brother?	5,600	18,000 fruits
