Unnamed: 0	question	answer	llm	verbalized
0	Janet's chickens hatch 16 eggs a day. She eats three for breakfast every morning and she cuts the brownies for her friends down to four a day. She sells the rest at the farmer's market daily for $2 for a chicken egg. Who loses a dollar a day at the farmer's market?	18	<pad> Janet</s>	-1
1	A basket takes 2 bottles of liquid wool and half as much white wool. How many bottles does it take in total?	3	<pad> 3</s>	3
2	Josh decided to try home improvement. He bought a house for $80,000 and renovated it for $50,000. This increased the value of the house by 150%. How much profit did he make?	70000	<pad> $150,000</s>	150000
3	James decided to run 3 marathons 3 times a week. He ran 60 meters in each marathon. How many total meters does he run per week?	540	<pad> 300</s>	300
4	Every day, Wendi gives each of his chickens three bowls of chicken food, with fruits, nuts and vegetables to keep them safe. He gives the chickens their chicken food three different times. In the morning, he gives his flock 15 bowls of chicken food. In the afternoon, he gives the chickens another 25 bowls of chicken food. How many bowls of chicken food does he need to give his chickens their last meal if Wendi's flock is 20 chickens?	20	<pad> 15</s>	15
5	Kylar goes to the store to buy glass for her new house. One glass costs $5, but all the other glasses are 60% of the price. Kylar wants to buy 16 glasses. How much does she need to tell them?	64	<pad> $5</s>	5
6	Toulouse has twice as many suburbs as Charleston. Charleston has four times as many suburbs as Seattle. How many suburbs do Toulouse, Charleston and Seattle have in total when Seattle has 20 suburbs?	260	<pad> Toulouse</s>	-1
7	Carla is downloading a 200 GB file. She can actually download 2 GB/second, but 40% of the time, Windows is forced to restart to update, which takes about 20 minutes. Carla has to restart the file from scratch. How long does it take to download the file?	160	<pad> a day</s>	-1
8	John drove for 3 hours at 60 mph and then turned around because he realized that he had forgotten something important about home. He tried to get home at 4 hours but spent the first 2 hours waiting and getting close. He then spent the next half hour driving at 30 mph, only to find that he drove the rest of the 4 hours at 80 mph. How far was he from home at the end of the 4 hours?	45	<pad> 100 miles</s>	100
9	Eliza's hourly rate for the first 40 hours of her work week was $10. She also charged overtime 1.2 times her regular rate. If Eliza worked 45 hours this week, how much did she make this week?	460	<pad> $45</s>	45
10	A startup has 60 subscribers in the first month. The number of subscribers in the second month is three times higher than the number of subscribers in the first month, but it also decreases by 30% in the third month. How many subscribers does the program have in total over the three months?	366	<pad> 120</s>	120
11	Toula went to the bakery and bought a variety of chickens. She bought 3 dozen chickens for $68 a dozen, 2 dozen pancakes for $80 a dozen, and 6 dozen pancakes for $55 a dozen.	694	<pad> 3 dozen chickens for $68 a dozen</s>	68
12	Carlos grows mango trees. The tree will cost him $90 to plant. Each year he will grow 7 mango trees, which he can sell for $1.5 each. He spends about $3 a year watering and feeding the trees. How many years will it take before he starts making money on the mango tree?	13	<pad> 7</s>	7
13	Melanie is a door-to-door saleswoman. She sold one-third of her candy to the green house, 2 more to the red house, and half of the rest to the orange house. If Melanie's candy was 5, how much did she start with?	18	<pad> 5</s>	5
14	In a dance class of 20 students, 20% enrolled in modern dance, 25% of the rest enrolled in jazz dance, while the rest enrolled in tap dance. What is the percentage of all students enrolled in tap dance?	60	<pad> 15%</s>	15
15	A trader wants to choose between two options: a watch worth $5,000 or a commodity worth $8,000. His financial advisor predicts that the watch market will rise by 2.5% while the commodity market will rise by 1.2% during the same month. If the trader wants to make a large profit at the end of this month by making a selection, what is the profit?	125	<pad> watch</s>	-1
16	Two trains departed from San Rafael at the same time. They began traveling westward, both traveling 80 miles. The next day, they traveled northward, completing 150 miles. What was the distance completed by each train on the two days?	230	<pad> 80 miles</s>	80
17	Jill earns $20 an hour to raise a child and $30 to be a cheerleader. If she works 50 weeks a year, 35 hours a week as a teacher and 15 hours a week as a teacher, what is her annual salary?	57500	<pad> $10,000</s>	10000
18	Claire made 3 scrambled eggs every morning for breakfast. How many dozen eggs will she eat in 4 weeks?	7	<pad> 4</s>	4
19	Marisa was hiking up a hill for 12 miles. It took her 1 hour to walk the first 4 miles, then another hour to walk the next 2 miles. If she wanted to reach her goal of 4 miles per hour, how much time (in miles per hour) would she need to walk the remaining distance?	6	<pad> 2</s>	2
20	I have 10 gallons of pineapple juice which is two thirds water and I want to pour it into 15 gallons of pineapple juice which is three fifths water. But as I pour it, I leave one gallon of pineapple juice. How much water is left in the remaining 24 gallons?	15	<pad> one gallon</s>	-1
21	Raymond and Samantha are cousins. Raymond was born 6 years before Samantha. Raymond had a son at the age of 23. If Samantha is now 31, how many years ago was Raymond's son born?	14	<pad> 6</s>	6
22	Billy sells DVDs. He had 8 customers on Victory Day. His first 3 customers bought one DVD each. His previous 2 customers bought 2 DVDs each. His last 3 customers didn't buy any DVDs. How many DVDs did Billy sell on Victory Day?	7	<pad> 4</s>	4
23	2 centimeters per square inch per hour of burning. How many centimeters per square inch will be after it burns from 1:00 PM to 5:00 PM?	8	<pad> 4</s>	4
24	Kyle bought last year's bestseller for $19.50. This is a 25% discount over the original price. What was the original price of the book?	26	<pad> $28.50</s>	28
25	Marie asked for a fried chicken for $12, a 5-milk carton for $3 each, 4 apples for $1.50 each, and a box of pizzas. Marie paid a total of $50. How many pizzas did Marie ask for if the cost was $8.50 each?	2	<pad> 2</s>	2
26	Mishka bought 3 pairs of socks, 3 pairs of socks, and 3 pairs of shoes. A pair of socks cost $16.50. A pair of socks cost $22.50 while a pair of shoes cost $42. How many dollars did Mishka spend on all the clothes he bought?	243	<pad> $80</s>	80
27	Cynthia eats ice cream every night. She buys ice cream packs with 15 packs of ice cream for $4.00 each. After 60 days, how much will she spend on ice cream?	16	<pad> $40.00</s>	40
28	Henry stopped twice during his 60-mile motorcycle trip. He first stopped after 20 miles. His second stop was 15 miles before the end of the trip. How many miles did he walk between his first and second stops?	25	<pad> 5</s>	5
29	Gloria was shopping for shoes when she came across a pair of taco boots that fit her pocket. But she had to choose between the taco boots and two high-heeled shoes that cost a total of $5 less than the taco boots. If one high-heeled shoe was $33 and the other was twice as much, how many dollars for the taco boots?	104	<pad> $55</s>	55
30	If their current combined age is 162, calculate Allen's age 10 years from now.	109	<pad> Allen</s>	-1
31	Gunter is trying to count the beans in a bottle. He asks his friends how much they think will be in the bottle. One says 80. Another says it's 20 more than half of the original. A third says it's 25% more than the original. What is their estimate?	80	<pad> 80</s>	80
32	John takes care of 10 dogs. Each dog spends 5 hours a day walking and doing their activities. How many hours a week does he spend caring for the dogs?	35	<pad> 300</s>	300
33	Gretchen has 110 gold coins. 30 more gold coins than copper coins. How many gold coins does Gretchen have?	70	<pad> 110</s>	110
34	Siobhan has 2 fewer gems than Aaron. Aaron has 5 more gems than half of Raymond's gems. If Raymond has 40 gems, how many gems does Siobhan have?	23	<pad> 30</s>	30
35	Mike played ping pong for 40 minutes. In the first 20 minutes, he scored 4 points. In the second 20 minutes, he scored 25% more points. How many points did he score in total?	9	<pad> 6</s>	6
36	Terry used to eat 2 yoghurts a day. They are now selling 4 yoghurts for $5.00. How much does yogurt cost in 30 days?	75	<pad> $15.00</s>	15
37	John plans to sell his toys and use his money to buy video games. He has 13 Lego sets and sells them for $15 each. Later he buys 8 video games for $20 each and $5. How many Lego sets does he have left?	2	<pad> 5</s>	5
38	John ran 60 miles a week. He ran 3 days a week. He ran for 3 and a half hours on the first day than the other two days. How fast was he running?	10	<pad> slower</s>	-1
39	Dana can run at a speed twice as fast as she can walk, but she can jump at a speed half as fast as she can run. If she can fly at 3 miles per hour, how many miles can she walk in six hours if she wants to spend one-third of her running time and two-thirds of her walking time?	18	<pad> 6</s>	6
40	Brandon's iPhone is four times older than Ben's iPhone. Ben's iPhone is twice older than Suzy's iPhone. If Suzy's iPhone is 1 year old, how old is Brandon's iPhone?	8	<pad> 4</s>	4
41	The giant dragon, Perg, sits atop Mount Farbo, spewing fire at anything within 1,000 feet. Polly can throw the golden staff, the only tool known to kill the dragon, from a height of 400 feet, if it is in the dragon's fire ring. But when Polly carries the jewel, she can throw the staff three times farther than if she does not carry the jewel. If she carries the jewel, how far away from the ring must Polly be and how far away from the dragon will the dragon be?	200	<pad> 1,000 feet</s>	1000
42	Grandma Jones made 5 apple pies for the firemen's lunch. She cut each pie into 8 slices and placed five pies on the dining table for the guests to serve themselves. By the end of the evening, after the guests had taken and eaten their own pies, she broke the remaining 14 pies.	26	<pad> 5</s>	5
43	According to its nutritional information, a bag of chips contains 250 calories in one serving. If a 300g bag contains 5 servings, how many grams would you eat if your daily goal is 2000 calories and you have already eaten 1800 calories?	48	<pad> 300</s>	300
44	Charlie wants to sell a honeycomb. For every pound of gold in a honeycomb, he can get 10 small honeycombs. A pound of honey and honeycomb is $10.00 each. If he sells each honeycomb for $2.00, what is the total profit if he makes and sells 20 honeycombs?	20	<pad> $40.00</s>	40
45	Meredith is an accountant who writes about health records and gives them to clients every day as part of her job. An online record takes at least 4 hours to research and write about. Last week, she wrote 5 records on Friday and an additional 2/5 records on Victory Day than on Business Day. In April, she doubled the number of records she wrote on Victory Day.	104	<pad> 5</s>	5
46	Candice put 80 postcards in her purse before leaving for work at the coffee shop. On the way, she stopped at the store and bought postcards; at work, she put one postcard on each of 220 different cups of coffee. If there were 23 postcards left in total, how many postcards were in the stamps she bought?	163	<pad> 23</s>	23
47	John bought twice as many red teas as the green tea. The red tea was 50% more expensive than the green tea. He spent $200 on the green tea which was $40 each. How much did he spend on the tea?	800	<pad> $200</s>	200
48	Tracy used a 4-foot long wire rod to carry tomato plants in the garden. The wire was cut into 6-foot long pieces. How many rods did she buy?	8	<pad> 4</s>	4
49	Richard lives in a 15-storey residential building. Each block of 8, 3/4 of the building has been occupied. What is the total number of unoccupied blocks in the building?	30	<pad> block of 8, 3/4</s>	4
50	Lloyd owns an egg farm. His chickens hatch 252 eggs a day and sell them for $2 a dozen. How much does Lloyd make on eggs a week?	294	<pad> $80</s>	80
51	Tom's boat could go 10 miles per hour. He went from 1 to 4 PM. Then he traveled back at 6 mph. How long did it take him to get back?	5	<pad> 4 hours</s>	4
52	Uriah's briefcase was too heavy for him. He needed to remove 15 pounds from it. His comic books each weighed 1/4 of a pound while each toy weighed 1/2 of a pound. If he removed 30 comic books, how many toys did he need to remove?	15	<pad> 30</s>	30
53	For each truck tire repaired, the mechanic would charge $60 and for each car tire repaired, the mechanic would charge $40. On Thursday, the mechanic repaired 6 truck tires and 4 cars. On Sunday, the mechanic repaired 12 truck tires and no truck tires. How much money did the mechanic lose that day?	40	<pad> $120</s>	120
54	The Doubtfire girls were driving home with 7 adopted kittens from the zoo when their mother called to tell them that their two pet cats had just given birth to kittens. She said that Patchy, the first cat, had given birth to three times the number of adopted kittens, while Trixie, the second cat had 12. How many kittens does the Doubtfire family have now?	40	<pad> 17</s>	17
55	Jean has 30 olips. Jean eats 2 of the olips. With the remaining olips, Jean wants to be 2 olips in a container. How many containers can Jean fill?	14	<pad> 30</s>	30
56	Peter is planning to go to a movie this week. He gets tickets for $7 and sweets for $7. With $42 a week, how can he go to a movie?	3	<pad> tickets for $7 and sweets for $7</s>	7
57	A wooden bridge can carry no more than 5000 pounds. A freight truck loaded with identical boxes, each weighing 15 pounds, will pass over the bridge. The total weight of the driver and the empty vehicle is 3755 pounds. What limits the number of boxes that can be loaded into the freight car that will not exceed the weight of the bridge?	83	<pad> each weighing 15 pounds</s>	15
58	Stephen purchased an online order for a snack. The total price dropped to $40.00. Because of this from a mail order company, they added 25% to his total price and charged him $3.00 for shipping costs. Stephen also added $4.00 for food. After the additional cost, what was the final price of Stephen's purchase?	57	<pad> $60.00</s>	60
59	In the forest of raspberries there are 6 bunches of 20 berries each and 67 berries each scattered around the forest. How many raspberries are there in total?	187	<pad> 987</s>	987
60	A bowl is filled with 25 oranges of which 1 is rotten, 20% are not rotten, 2 are rotten and the rest are good. How many oranges are good?	17	<pad> 20%</s>	20
61	Janet bought jewelry for her daughter. She paid $500 for the materials and another $800 for the jewelry. Then she paid 10% for the decoration. How much did she pay?	1430	<pad> $1100</s>	1100
62	If Marcy works for the same company for 40 years, she receives a $50,000 annual pension. After 20 years, she is entitled to a 5% annual pension. If she retires after 30 years, what will her annual pension be?	25000	<pad> $50,000</s>	50000
63	Aleena paid a monthly fee of $140 for an e-wallet service. If the e-wallet company received the first payment for the first half of the year with a 10% discount for the second half of the year, calculate the total amount paid to the e-wallet company at the end of the year.	1596	<pad> $160</s>	160
64	Sophia was thinking of taking a road trip in her car and wanted to know how far to drive with one tank of fuel. She had traveled 100 miles since she last filled her car with gasoline and needed to fill up with 4 gallons of gasoline. Her husband's driver's license says her tank can hold 12 gallons of gasoline. How many miles can Sophia travel with one tank of gasoline?	300	<pad> 200</s>	200
65	Jim spends 2 hours watching TV and decides to go to bed and read for half the time. He does this 3 times a week. How many hours does he spend watching TV and reading in 4 weeks?	36	<pad> 4 hours</s>	4
66	Four schools have competed in a handball tournament. Each school has sent a women's handball team and a men's handball team, each with 5 goalkeepers. Each school has also sent a coach to their team. In total, how many people have all the schools sent?	48	<pad> 88</s>	88
67	A treasure hunter finds a hidden treasure chest filled with precious stones. 175 diamonds, 35 rubies less than a diamond and twice as much as an emerald. How much treasure is in the box?	595	<pad> 175 diamonds, 35 rubies</s>	35
68	There are twice as many boys as girls at Dr Wertz's school. If there are 60 women and 5 students per teacher, how many teachers are there?	36	<pad> 10</s>	10
69	Bailey started with a certain amount of money. He then received $5 a week in food for 8 weeks. At the end of the 8 weeks, if he had a total of $100, how much money did Bailey have to start with?	60	<pad> $5</s>	5
70	Judy teaches 5 dance classes a day, midweek and 8th grade on Wednesdays. If each class has 15 students and she earns $15.00 per child, how much does she make in a week?	7425	<pad> $5,000</s>	5000
71	Kelian has a recipe kit, one with 20 recipes and the other with twice as many recipes. How many recipes does Kelian have to read to cook both dishes?	60	<pad> 40</s>	40
72	Tommy is organizing a fundraiser for his charity by selling a slice of bread at $3 and a slice of white bread at $4. If Tommy sells 43 slices of bread and 23 slices of white bread, how much did Tommy collect?	221	<pad> $80</s>	80
73	Sheila bought five telephones at $150 each for a 3-month subscription. There will be 2% interest on each unit. How much will Sheila pay each month for 3 months?	255	<pad> $150</s>	150
74	Artie has a flower stand at the Farmer's Market. He sells three types of flowers: marigolds, pendants, and begonias. He usually sells a marigold for $2.74 a pot, a pendants for $1.87 a pot, and a begonias for $2.12 a pot. Artie doesn't have a chain today, so he's decided to increase his total price to the nearest dollar. If Artie sells 12 marigolds, 9 pendants, and 17 begonias, what would he have?	88	<pad> a chain</s>	-1
75	Luke was spending time on the beach building a giant palm house. He also noticed that each level of a giant palm house would be half a square foot from its bottom level. If he built a 4-story palm house where the top level was 16 square feet, what would be half a square foot from one level?	60	<pad> 16</s>	16
76	Cecilia has just bought a new puppy. As her pet sitter, she has to give the puppy 1 cup of dog food a day for the first 180 days. Then she has to give the puppy 2 cups of dog food a day for the rest of her life. If a dog food bag has 110 cups, how many dog food bags will Cecilia use in the first year?	5	<pad> 180</s>	180
77	If Raymond does half as much laundry as Sarah, and Sarah does 4 times as much laundry as David, calculate the difference between Raymond's and David's laundry if Sarah does 400.	100	<pad> Raymond's laundry</s>	-1
78	Vincent could buy a bouquet of 3 for $2.50 or a bouquet of 2 for $1. How much did he save by buying 18 flowers at a good price?	6	<pad> $2.50</s>	2
79	John adopted a dog. He took the dog to a vet, which cost him $100. The vet gave him a 30% discount because he was a new customer. How much was the fee?	70	<pad> $100</s>	100
80	Two girls each receive 1/6 of 24 liters of water, and one boy receives 6 liters of water.	10	<pad> 3 girls each receive 1/6 of 24 liters of water, and one boy receives 6 liters of water.</s>	6
81	Charlie had 10 stamps. He bought 21 stamps from a store in a department store and received 23 stamps for his birthday. Then Charlie gave his sister 9 stamps and used 28 stamps to decorate a card. How many stamps did Charlie have left?	17	<pad> 10</s>	10
82	Grace weighs 125 pounds. Alex is 2 pounds shorter than Grace by 4 times. What is their combined weight?	623	<pad> 225 pounds</s>	225
83	Dan planted a rose bush 3. Each rose bush has 25 roses. Each rose bush has 8 thorns. How many thorns are there in total?	600	<pad> 225</s>	225
84	A football team played 22 games, won 8 more than they lost. How many did they win?	15	<pad> 22</s>	22
85	Gene sews clothes from old t-shirts. He receives one dress for each vacation from his previous job. Each dress has its own sewing block. He sews each skirt from a block of different vacation years. He goes on vacation four times a year and has been going on vacation since he was 23. He is now 34 years old. How many sewing blocks in total?	44	<pad> 34</s>	34
86	Greg has a final alarm that goes off three times a day as a warning. Once the alarm goes off, it goes off until Greg turns it off. The first time it goes off today, it goes off four times. The second time, it goes off three times as much as the first time. The third time, it goes off half as much as the second time. How many times does the alarm go off in total?	22	<pad> twenty-five</s>	-1
87	A company pays each of its employees $600 a month. The company has a policy of increasing the salary of each of its employees by 10% of the first salary per year for those who have been with the company for five years. If Sylvie completed 5 years in the company last October, what is her salary per year after spending three more years on the job?	9360	<pad> $1,200</s>	1200
88	Marilyn's first album sold 10 times as many copies as Harald's. If 88,000 copies were sold in total, how many copies did Harald sell?	8000	<pad> 8,000</s>	8000
89	Christina is organizing a birthday party and needs 75 gift bags for each guest she invited, because 1/4 of the guests didn't show up. She invited 16 friends. The gift bags are $2 each. How much will it cost?	24	<pad> 16</s>	16
90	Ted is trying to bring a salad bar to a dinner party. He knows that an adult dinner party eats 10 ibs of salad bar while a baby eats half as much as an adult. If there are 20 adults and 5 children at the dinner party, how many salad bars does Ted have to bring to the dinner party if he decides to have enough for everyone?	225	<pad> 25</s>	25
91	Jan has three times as many pets as Marcia. Marcia has two pets than Cindy. if Cindy has four pets, how many pets do the three have?	28	<pad> two</s>	-1
92	Emily has 4 young children named Amy, Jackson, Corey and James. Amy is 5 years younger than Jackson and 2 years younger than Corey. if James is 10 and 1 year younger than Corey, how old is Jackson?	4	<pad> 11</s>	11
93	Lee ran the 400 meters two minutes faster than Gerald ran the 400 meters. But Gerald changed his diet which allowed his running speed to differ by 10%. If Lee ran the 400 meters in 38 minutes, how could Gerald, with his different diet, run the 400 meters in less than a minute?	36	<pad> changing his diet</s>	-1
94	In a community, there are 12 fewer rabbits than there are dogs and cats. If there are two cats and a dog, and there are 60 dogs, how many animals are there in the community?	348	<pad> rabbits</s>	-1
95	Out of 200 fifth graders, two-fifths are male while two-thirds are female in scouts, how many women are not in scouts?	40	<pad> 200</s>	200
96	Harry slept 9 hours last night. His friend James slept two-thirds of Harry's sleep. How many more hours did Harry sleep than James?	3	<pad> 5</s>	5
97	When Freda cooked the canned tomatoes on a knife, half of it was gone, 16 cans of tomatoes each used three tomatoes. Freda's last tomato feast at 32 o'clock. How many tomatoes did Freda use?	12	<pad> 32</s>	32
98	A few of the cars entered in the first 15 minutes of the traffic jam, 20 more cars entered in the last 15 minutes of the traffic jam. 5 of the cars in the line left to enter the traffic jam. If there are 30 cars on the road, how many cars can pass through the traffic jam in the first 15 minutes?	5	<pad> 5</s>	5
99	Mary is a gardener. yesterday she received 18 potted plants from a childhood gardener. she has 2 potted plants that she put in the 40 windows of her big house. because she is happy she plans to give 1 potted plant to her friends and family tomorrow. how many potted plants will Mary have left?	58	<pad> 2</s>	2
100	Jerome had 4 friends who visited him in a day. The first friend pressed the doorbell 20 times before Jerome opened the door, the second friend pressed the doorbell 1/4 times more than the first Jerome's friend. The third friend pressed the doorbell 10 times more than the fourth friend. if the fourth friend pressed the doorbell 60 times, how many times did the doorbell ring?	175	<pad> 120</s>	120
101	Solo had to read page 4 of his science book, page 20 of the Book of Socrates, page 7 of the Book of Esther and page 8 of the Book of Geography. Solo read page 15 on business days. If he had 4 more days to read all his books, how many pages would he have to read in half a day?	6	<pad> 15</s>	15
102	John likes to drink a glass of water with breakfast, lunch, and dinner. Finally, he drinks one before going to bed at the same time. John does this every day during the week, but on weekends he likes to relax and have a soft drink with dinner. How many glasses of water does John drink per week?	26	<pad> 7</s>	7
103	Clouds rise from the sea to cover the entire city. It takes 10 minutes to cover every 3 miles of the city. If the city is 42 miles across the sea to the other side of the country, how many minutes would it take for the cloud to cover the entire city?	140	<pad> 10</s>	10
104	Poppy is editing 1000 puzzles. She puts half of them on the board, her mother puts the other third. How many puzzles are left?	500	<pad> 600</s>	600
105	Cody eats three times as many cookies as Amir eats. If Amir eats 5 cookies, how many cookies do they both eat in total?	20	<pad> 10</s>	10
106	John has 3 boxes. Each box has 5 to 6 to 4 corners. The wall has 1 corner. What is the total size of the three boxes?	72	<pad> twenty-five</s>	-1
107	Frankie watches TV in the evening after doing his homework. He watches his favorite one-hour show on business and victory days. On Sundays he watches a half-hour show. On Wednesdays, he finishes his homework early to watch a one-and-a-half-hour game. On Fridays he sleeps late because it's a weekend, so he watches a two-hour game. If he watches TV for 7 hours straight, how many half-hour games does he watch a day?	3	<pad> 3</s>	3
108	Henry is making cookies for a home competition. He wants to make twice as many as he did last year. At the end of the party he finds that he has made 15 more cookies than he wanted to. He dropped 5 while waiting for it to cool, now he has a total of 110 cookies. How many cookies did Henry make last year?	50	<pad> 100</s>	100
109	The local gas station sells gas at $3.00 per gallon. The internet company wants to buy $20 per gallon if you buy gas at this store. If someone buys 10 gallons of gas, how much gas will they have after this opportunity?	28	<pad> 10 gallons</s>	10
110	Marcell and Beatrice were competing to see who could eat the most fruit rolls, they released as many as they could find. But someone made a mistake which made Beatrice's roll up 3 inches and 24 inches long while Marcell's roll up 3 inches and 14 inches long. If they both ate all the rolls they were given, how many did they eat in half?	45	<pad> two</s>	-1
111	The boat sails while afloat. The boat drinks two liters of water for every foot when it returns to port. It takes about 16 minutes to cross 20 feet. The port is 64 minutes away. How much water has the boat dragged by the time Julia arrives at the port?	16	<pad> 20 feet</s>	20
112	A classroom has a whiteboard that is divided among 4 teachers who take turns to use the classroom. Each teacher has 2 lessons per day and uses the whiteboard in each lesson. If the whiteboard is turned off 3 times in each lesson, how many times is the whiteboard turned off during the day?	24	<pad> 4</s>	4
113	Ryan plants 2 flowers a day in his garden. After 15 days how many flowers does he have if not 5?	25	<pad> 5</s>	5
114	Jamal's telescope can take 6 times more pictures than Brittany's telescope. Brittany's telescope can take 50 times more pictures than Jamal's bird in the zoo. If Jamal's telescope can take 1800 pictures, how many birds can we see in Jamal's bird in the zoo?	6	<pad> 1800</s>	1800
115	Sasha notices that the price of wood has gone up by 50% in the last few months after buying some of the wood. When she has the rest, she plans to sell them. She has an order for ten 2 × 4 × 10 boards that cost $10 each. She also has five 4 × 4 × 10 boards that she bought for $16 each. If she sells all of them, how much profit will she make?	90	<pad> $80</s>	80
116	Katy brews coffee with a ratio of 7:13 of sugar to a teaspoon of water. Using a total of 120 teaspoons of sugar and a cup of water, calculate how much sugar to a teaspoon of water she used.	42	<pad> 7:13</s>	13
117	John bought 2 pairs of shoes for each of his 3 children. They cost $60 each. How much did he pay?	360	<pad> $150</s>	150
118	A customs officer at the Seaside Port of Entry counted 2 cargo trucks, each containing 5 cars. On the second day, several more trucks were imported, bringing the total number of vehicles at the port to 30. Calculate the number of trucks imported on the second day, assuming that all the trucks contained 5 cars.	4	<pad> 30</s>	30
119	Adrien's total salary is 30 percent more than Lylah's. After four years, her salary is the same and she is earning 40% more than she was earning four years ago. If Adrien and Lylah's salaries are the same and Adrien earned $40,000 four years ago, calculate their total salary after four years?	95200	<pad> $60,000</s>	60000
120	Miguel uses 2 sheets of paper a week for his artwork. If a sheet of paper has 30 pages, how many pages does he use a month?	240	<pad> 30</s>	30
121	Morisette and Kael were asked to bring fruit. Morisette brought 5 apples and 8 oranges, while Kael brought two and a half more apples and oranges than Morisette. How many fruits did they have in total?	27	<pad> 13</s>	13
122	Sadie slept for 8 hours on Fridays. For about two days, she slept less than 2 hours each, because she had to finish her homework each time. If she slept an hour more than she slept on two days, how many hours did she sleep in total this whole week?	48	<pad> 14 hours</s>	14
123	Rosie could run 10 miles in 3 hours. Then she ran 5 miles an hour. How many miles could she run in 7 hours?	50	<pad> 25</s>	25
124	Jennie is helping her mother in her office. She has about 60 letters that need to be stamped, and the letters that have been stamped, you stamp one-third of the letters that need to be stamped. If there are 30 letters that have been stamped, how many were in the file when Jennie started?	10	<pad> 60</s>	60
125	Julia was preparing for a dinner party at her house, where she had planned to cook a knife. She noticed that she would no longer be opening a plastic knife, so she bought a new knife case. In turn, her husband bought 5 new knife cases and brought them to Julia. While Julia was making the knife, she used a six-sided knife to make her knife case. In turn, when she set the table, she had a total of 12 knives.	10	<pad> 12</s>	12
126	Dylan needed chicken sausage and fish sausage to make sausage buns at a party. He bought 38 chicken sausages and 6 fish sausages more than chicken sausage. How many sausages did Dylan buy in total?	82	<pad> 42</s>	42
127	If Lily has 50 friends, how many friends do Lily and Amy have in total?	120	<pad> 50</s>	50
128	Well's mother sells watermelons, peppers, and oranges in a grocery store. The price of one watermelon is three times the price of one. Dillon is sent to buy 4 watermelons, 20 oranges, and 10 oranges.	880	<pad> 4 watermelons</s>	4
129	A hospital sees 500 people a day. The average time it takes to respond to a patient is 24 hours. Doctors make $150 an hour from the hospital, and the hospital makes $200 an hour from the patients. How much money does the hospital make from scans?	10000	<pad> $200 an hour</s>	200
130	Nissa hired 60 employees to play elves in her shop's Santa's village. Ten percent of the elves were shot by children, and nine percent of the elves were shot by children. How many elves were left?	30	<pad> twenty-one</s>	-1
131	Joseph's expenses in Dubai were $500. In Dubai, his expenses dropped to $60. What was the total of his expenses for those two months?	940	<pad> $460</s>	460
132	Pam and Fred went to a party. Pam rode the roller coaster in pairs, while Fred rode in pairs. In celebration of that, they decided to ride the luge in pairs. If a ride in pairs costs 6 bucks, how many bucks are used that day?	60	<pad> 12</s>	12
133	On Business Day, Walt walked 4 miles. On Labor Day, he walked three and a half miles walking with Business. His total mileage on Business Day to Labor Day was 41 miles. How many miles did he walk?	13	<pad> 41</s>	41
134	Tom washes your car four times a month. If a car wash costs you $15 a year, how much does it cost?	720	<pad> $300</s>	300
135	If Brian has 20 video games but loses 5 before making the comparison, how many does Bobby have?	40	<pad> 5</s>	5
136	There are only 27 unicorns left in the world. One-third of them are in the Scottish Highlands. Two-thirds of Scottish unicorns are female. How many female Scottish unicorns are there?	6	<pad> Two-thirds</s>	-1
137	Rory bought two socks for $7.50, two bags for $1.50 and two cookies for $1. There is a 20% delivery charge added at the checkout, and she wants to make an extra $5. What is the total cost of the item she just sent?	29	<pad> 12.50</s>	12
138	Mark took yesterday's test with 75 questions. He finished the test with 5 questions in an hour. Today, he took another 100 questions in the same time. If Mark had 8 hours to complete the first test and 6 hours to complete the second, how many questions did he leave unanswered?	105	<pad> 75</s>	75
139	In a candy machine, the number of blue gumballs is 22 times the number of pink gumballs. If there are 12 blue gumballs, how many pink gumballs are there?	70	<pad> 6</s>	6
140	Of the 20 cars available for hire, 12 are autonomous cars, 4 are manual cars, and the rest are semi-automatic. How many of the cars are semi-automatic?	20	<pad> 4</s>	4
141	There are 700 eggs in the hive. There are twice as many worker bees as there are hives, and twice as many hives as there are queens. How many workers are there?	400	<pad> 700</s>	700
142	Jordan plays video games for two hours a day. He also has a small job where he makes $10 an hour. How much will Jordan make in a week if he uses his video game time to work?	140	<pad> $300</s>	300
143	John buys milk for $2, eggs for $3, lights for $3, cups for $3, and roach traps for $4. If there's a 10% tax on all non-food items, what's the point of everything he buys?	16	<pad> They are taxed</s>	-1
144	Kim has started her own housekeeping business and is calculating how much profit she will make from her customers. She already has 3 customers, but she is talking to 5 other customers and has the courage to include them in her account. Each customer's house will need two bottles of bleach and lots of clothes to dispose of. The bottle of bleach will be $2 each, the clothes will be $5 each.	20	<pad> bleach</s>	-1
145	John has 10 hectares of palm plantation. There are 100 palms on each hectare. John can harvest his palms in three months. How many palms can John harvest in a year?	4000	<pad> 100</s>	100
146	Johnny is collecting toys in his bedroom. He has thrown a box of 500 Lego bricks on the floor, another with three times the number of 500 bricks, and another with a quarter of the number of bricks. How many stalls does Johnny make if he collects all the Lego bricks?	2,125	<pad> three</s>	-1
147	Debra was monitoring the bridge to see how many bees were coming and going on a given day. She saw 30 bees leaving the bridge in the first 6 hours, then saw 1/2 the number of bees returning in the next 6 hours. She saw twice as many bees as the first one leaving the hive flying off the bridge and leaving in the next 6 hours. Then all the bees that left before didn't return to the bridge in the next 6 hours. How many bees did Debra see returning to the bridge in the last 6 hours of the day?	75	<pad> 30</s>	30
148	Brittany and her mother went to the museum. Admission is $12 for adults and $10 for children. Brittany's mother gave the cashier money for 1 child ticket and 1 adult ticket. If she got $8 in change, how many dollars did she give to the cashier?	30	<pad> 10</s>	10
149	Charlie has three times as many Facebook friends as Dorothy. James has four times as many Facebook friends as Dorothy. If Charlie has 12 Facebook friends, how many Facebook friends does James have?	16	<pad> 14</s>	14
150	Steve and Tim decided to see who could get home from school the fastest. Steve lived farther away than Tim, so they allowed him to ride his bike. Steve lived three miles from the school and could ride his bike at 440 feet per minute. Tim lived two miles from the school. If Tim could skate his skateboard at 264 feet per minute, how long would the winner be at home before the loser finished the race?	4	<pad> a minute</s>	-1
151	Shawnda decided that her neighborhood needed a tire repair shop. She decided that the best way to charge for each tire would be 25 cents per tire. On the first day, five people on a bike came to ask for two tires. Three people came to ask for all five of their tires. Finally, one person came to her with a bicycle. How many dollars did she lose that day?	5	<pad> 25</s>	25
152	Carl bought ten boxes of cookies. Each box of cookies contained six cookies. Each cookie cost $0.10. How much did Carl get for $10?	4	<pad> twenty-six cookies</s>	-1
153	Dave bought a large packet of french fries, and it took 14 minutes for a hungry shark to steal the packet. When the shark calmed down, it was half the amount of french fries Dave had eaten. Then three pigeons chased him away from the food, and each bird ate three fries. Then a raccoon stole two-thirds of the remaining french fries.	48	<pad> Dave</s>	-1
154	Every Tuesday, Wednesday, and Friday, a college student, Kimo has a one-hour class three times a day. On Tuesdays and Thursdays, he has a two-hour class twice a day. At one time, there were 16 for schoolwork. At one time, how many hours did Kimo spend in class?	272	<pad> 16</s>	16
155	Bill cooks 300 rolls, 120 chocolate croissants, and 60 baguettes a day. Each roll is 4 inches long, each croissant is 6 inches long, and each baguette is two feet long. If Bill were to compare the lengths of the products he cooks to each other, how long would they be in feet?	280	<pad> each baguette is two feet long</s>	-1
156	A zookeeper feeds all the animals in the zoo. He buys all his eggs from the farm every two months. If the monkeys need 200 eggs, the rabbits need 400 eggs, and the monkeys need 100 eggs per month, how many eggs does he need to buy for two months?	1400	<pad> 600</s>	600
157	Blake and Kelly had a competition to see who could run the fastest in 15 minutes. They decided to do it on a 100-yard basketball court. Blake ran 15 times. Kelly ran once, then decided she didn't want to run next to Blake, so she started running on the 40 yard line.	80	<pad> Kelly</s>	-1
158	Raphael went to buy some school supplies. He bought four rings worth $1.5 each, two books worth $4 each, and a bond paper rim worth $20. How much did Raphael spend on everything?	34	<pad> $75</s>	75
159	Finn watches 11 baby monkeys swimming in the pool. Suddenly he sees six of them coming out of hiding under the lily pads, then he sees two of them hiding under the rocks. How many baby monkeys can Finn find in the pool?	15	<pad> 13</s>	13
160	On Victory Day, the tank was filled with 7 feet more water. On Independence Day, the tank was two-thirds as deep as it was on Victory Day. What was the tank's depth on Independence Day?	16	<pad> 7 feet</s>	7
161	Anakin and Locsin went to the beach today. Anakin caught 10 starfish, 6 sea horses, and 3 clownfish. While Locsin caught five more starfish, three more seahorses, and two more clownfish. How many fish did they catch?	32	<pad> twenty-five</s>	-1
162	If a bag of marbles is $20, and the price increases by 20% of the original price in two months, how much will a bag of marbles be after 36 months?	92	<pad> $30</s>	30
163	In one room, there are various toys: 5 red cars, a number 3 kitten, and a doll. The doll is priced at the price of three numbers, and a car is $4. What is the total value of the toys, if a number is $5?	50	<pad> $80</s>	80
164	Jackie is trying to decide whether to do her own taxes or hire an accountant. If she does her own taxes, her freelancing time will be reduced by three hours and she will lose $35 an hour in earnings. The accountant will be paid $90.	15	<pad> hire an accountant</s>	-1
165	For her 30th birthday, Elvira chose a new laptop with lots of accessories as a gift. She had a budget of €1500 donated by her entire family, and thought she would be able to save some money to buy clothes. She went to the hardware store and picked up a €1090 laptop with a monitor, keyboard, and mouse. She also picked up a scanner for €157, a CD burner for €74, and a printer for €102.	77	<pad> €1090</s>	1090
166	Sandra's neighbor gives her nine boxes of eggs every time she helps them look after their daughter. She needs three eggs to make a single Spanish flan. If Sandra has taken the job of making 15 Spanish flan for her school fundraiser, how many times does Sandra have to look after a child?	5	<pad> 15</s>	15
167	Seth's age is twice Brooke's age. After two years, their combined age is 28. How old is Seth?	16	<pad> 14</s>	14
168	Jimmy's net worth is $2 more than Ethel's. If Ethel has $8, how much does Jimmy have?	18	<pad> 10</s>	10
169	Pancho walks 20 miles a day. Except on weekends when he walks 10 miles. How many miles does he walk in a week?	120	<pad> 50</s>	50
170	The band requested a new outfit. Each outfit came with a shirt that cost $25, a jacket was three times the price of a shirt, and the socks were half the price of the shirt and jacket combined. Is the total cost of each outfit a commodity?	150	<pad> no</s>	-1
171	Jake was walking through the Entomology Museum. He saw 80 monkeys with eight legs each, 90 insects with six legs each, and three rare mutants with ten legs each. How many legs did Jake see in total?	1210	<pad> twenty-five</s>	-1
172	There are four birds in the Caboose. Sally Two is three years older than Granny Red. Granny Red is twice as old as Sally Four. If Sally Four is the same age as Sally Thirtytwo, who is eight years old, what is the average age of the four birds?	51	<pad> eight</s>	-1
173	Jessica is trying to figure out how much she can afford to pay off all of her debts each month. She needs to pay at least $300 a month for her student loans, at least $200 for her mother's card, and $500 a month for her bail. If Jessica wants to pay 50% more than the minimum, how much does she pay in a year?	18000	<pad> $1,200</s>	1200
174	Billy is borrowing a bunch of knives to make a salad for his family's big gathering. It's a big party, so he needs to go to 60 knives. The knives are almost the same size, so it takes the same amount of time to cut each one. It takes Billy about a minute and a half to cut a knife, and five minutes to cut it. How long will it take billy to finish the knives?	95	<pad> 60 minutes</s>	60
175	Juan and his brother Carlos sell lemonade. For each gallon they sell it for $3 for lemon and $2 for sugar. They sell each bottle for $0.50, and they get 20 bottles for a gallon. If they get $25 in profit, how much do they spend on lemonade?	15	<pad> $125</s>	125
176	In a race with 240 Asians, 80 are Japanese and the rest are Chinese. If the number of boys in the Chinese team is 60, how many girls are in the Chinese team?	100	<pad> 40</s>	40
177	Zaid spent 1/4 of his salary on rent, 1/3 on gas for a car, and donated the remaining half to his favorite charities. He gave his daughter $200 to spend on her weekly expenses and $700 to his wife to finance food and other household goods. If Zaid receives $6,000 a month, what would be the maximum after all these expenses and gifts?	350	<pad> $3,000</s>	3000
178	Rani has 10 more cancers than Monic, who has 4 fewer than Bo. If Bo has 40, calculate how many cancers all three of them have together.	122	<pad> 60</s>	60
179	Lloyd earned $10 an hour on the Maths course. He taught five hours for the first week and eight hours for the second. How much did he kill in the first two weeks?	130	<pad> twenty hours</s>	-1
180	Two candidates are competing for class representation at Sarai School. If the winner receives 3/4 of the votes, out of a total of 80 students in the class, calculate the number of votes the loser received.	20	<pad> 1/5</s>	5
181	Sandra, the nearby florist, is very angry with Fred. Sandra has asked for four white carnations of roses. She has also asked for 200 pink calla lilies, which are five times the number of white carnations. Sandra has threatened to change servers if the missing roses are not delivered by 5 p.m. To save Sandra's business, how many roses does Fred have to deliver by 5 p.m.?	160	<pad> four</s>	-1
182	Jean is two years older than Mark. Two years ago Mark was five and a half years older than Jan. If Jan is 30 years old, how old is Jean?	23	<pad> 35</s>	35
183	Two track teams compete in the 4 by 400 meters; a race in which each track team consists of four members, each of whom runs a 400-meter race, or lap, on the track. One of the two teams is automatic, with each member running the 400 meters once every 55 seconds. The other teams are undefeated; the first competitor runs the 400 meters once every 60 seconds, and the next competitor runs the 400 meters one second faster than the competitor.	2	<pad> automatic</s>	-1
184	How is it possible (expressed as a percentage) that he rolled a number greater than 3 rather than rolling two even numbers over and over again?	25	<pad> 95%</s>	95
185	Jenna and her mother picked a few apples from their apple orchard. Jenna picked half as many apples as her mother. If her mother picked 20 apples, how many apples did they pick together?	30	<pad> 40</s>	40
186	Russell works in a pet store and divides the grass among the rabbits. The rabbits are kept in three tents in equal groups, and each tent is given 6 pieces of grass. Ten hamsters' tents are separated, and each hamster is given 5 pieces of grass. There is also a rabbit house, where 20 species of grass are divided among the rabbits.	5	<pad> hamsters</s>	-1
187	Mandy owes Benedict $100. They have an agreement that she will get 2% interest every month. If Mandy can pay it after three months, how much should she give Benedict?	106	<pad> $100</s>	100
188	A merchant buys a few sacks of wheat from a farmer for $20 a sack. If it costs $2 to carry each sack from the farm to the store, and the merchant makes $400 in total after selling all the sacks for $30 a sack, how many sacks did he sell?	50	<pad> 300</s>	300
189	Three friends spent $20.25 on three tickets to the show. The cost of food was $4.50 less than the cost of tickets. They also went on two separate trips costing $33 each. If they agreed to split the total equally, how much would each of them pay?	34	<pad> $4.50</s>	4
190	John eats peaches for three hours. He can eat two peaches a minute. How many peaches does he eat?	360	<pad> twenty-two</s>	-1
191	Birds need to eat 3.5 pounds of insects per week to survive. If there are 10 birds, how many insects do they need per day?	5	<pad> 3.5 pounds</s>	3
192	Tom plants 10 trees a year. Every year he cuts two trees a year. He started with 50 trees. After 10 years, 30% of the trees die. How many trees does he have left?	91	<pad> 25</s>	25
193	One weekend, the neighbors decided to play catch with Sue. On Sunday morning, the neighbors put 18 pink flamingos in front of Sue's front yard. On Wednesday morning, the neighbors brought back a third of the flamingos, dressed them in white, and returned these newly dressed white flamingos to Sue's front yard. Then, on Christmas morning, another 18 pink flamingos were added to the program.	24	<pad> 18</s>	18
194	Violetta wants to buy new crayons. She needs them in five different colors and is prepared to pay $20 for this purchase. One crayon is $2. How much more will she get?	10	<pad> 5</s>	5
195	The price of an eraser is the sum of the price of a pencil and an eraser. A pencil is $1.20, and an eraser is $0.30. How much will 8 erasers cost?	12	<pad> $7.80</s>	7
196	200 pounds of carrots need to be distributed among 40 restaurants in a city. Each restaurant has to take 2 pounds of carrots. How many pounds of carrots will not be used?	120	<pad> 40</s>	40
197	In the town of Soda, there are only 23786 inhabitants. They include 8417 men and 9092 women. The rest are children. How many children are there in Soda?	6277	<pad> 796</s>	796
198	Elaine initially had 20 Pokemon cards. After a month, she received three times that amount. In the second month, she received 20 fewer cards than in the first month. In the third month, she received twice the total number of Pokemon cards she received in the first and second months. How many Pokemon cards does she now have in total?	320	<pad> 60</s>	60
199	Mark is a copy-editor. He edits the same amount of sentences for two different editors, who pay him a different amount per sentence. Copywriter B pays twice what Copywriter A paid Mark. Mark edits a total of 1000 sentences for him, and A pays him 5 cents per sentence. What does Mark get for a penny, per cent?	7500	<pad> 5</s>	5
200	Baldur pumps water from a well. He gets 5 buckets of water in the morning and 6 buckets of water in the afternoon. If a bald eagle has 5 liters of water, how many liters of water does he get per day?	55	<pad> 10</s>	10
201	John received a bonus at work. The bonus included a one-time $5000 bonus and a 5% increase in his salary. If he earned $2000 for the entire year and received the bonus on the first day of the year, how much did he earn that year?	114,200	<pad> $3000</s>	3000
202	Josie grew grapes on her 10 acre farm. One acre yields five grapes per year, and one grape yields two barrels of wine. How many barrels of wine does your farm produce per year?	100	<pad> 10</s>	10
203	Carl's favorite food is milk. He eats a sandwich every day this week for lunch, and uses two tablespoons of milk on each sandwich. He eats a milk and egg omelette for breakfast every other day this week, using one more portion for an omelet than for a sandwich. He makes macaroni and cheese dishes that will give him enough for several dinners for the week, and he uses eight tablespoons of milk on his sandwich.	31	<pad> Carl</s>	-1
204	Janet has 22 green beads and 10 green beads. Then she bought 6 blue beads and 2 red beads. 9 beads in each blue bead and 6 beads in each red bead. How many beads does Janet have now?	98	<pad> 54</s>	54
205	Brinley was in Mr. Bert's math class. Mr. Bert took six exams each term. He allowed students to subtract the lowest score from the total each term. If Brinley had scores of 89, 71, 92, 100 and 86 on the first five exams, how many scores did he need on the sixth exam to get a total of 93?	98	<pad> 100</s>	100
206	Micheal likes to ride a bicycle. He rides five times a week, going 25 kilometers each time. He did this for four weeks, then decided, to ride the bicycle only twice a week, but for 60 kilometers each time, and did this for three weeks. How many kilometers did Micheal walk in total?	860	<pad> 150</s>	150
207	A Halloween candy Joe bag contains 25 chocolates and 80 candy apples. Each chocolate bar has twice the amount of candy apples. If each chocolate bar weighs 40 grams, what is the weight of a candy Joe bag in grams?	2600	<pad> 225</s>	225
208	Rose went to the store on Good Friday and bought four white breads. On Victory Day she went to another store and bought three times as many white breads. On Labor Day she went to another store and bought five times as many white breads as she did on Victory Day. How many white breads did she buy after all three days?	76	<pad> 14</s>	14
209	Twelve cups sold for $1200 less than six cans sold for $6,000 each. Calculate the price of each cup	145	<pad> $1200</s>	1200
210	Sara wants to buy herself a new jacket and a pair of shoes. The jacket is about $30, and the shoes are $20 each. Sara cleans the neighborhood four times, getting $5 each time. Her parents pay her $4 each time she cleans the field. If Sara had already saved $10 before she started babysitting, how many times did she have to clear the field to buy the jacket and shoes?	10	<pad> four</s>	-1
211	Jerry has a flock of chickens. The red chickens lay 3 eggs a day and the white chickens lay less than 5 eggs a day. Jerry collects 42 eggs a day. If he has two more white chickens than red chickens, how many red chickens does he have?	4	<pad> two</s>	-1
212	Gary likes to walk around the edge of a surrounding park, which is a rectangle measuring 1.5 to 6 miles. If he walks 3 hours an hour, how many hours does he walk in total?	5	<pad> 6</s>	6
213	While at the dollar store, Sloane counted 100 customers entering the store. The next day, he counted 50 more customers than the first day. If the total number of customers on the third day was 500, how many customers did he count on the third day?	250	<pad> 300</s>	300
214	Jerry has two swimming pools, both leaking 4 gallons of water per minute. Four minutes ago, the big pool had twice the volume of the small pool. Now the big pool has four times the volume of the small pool. How much water does the small pool have now?	8	<pad> twice the volume of the big pool</s>	-1
215	Lori wants to buy $320.00 shoes and a matching belt for $32.00. Her job pays her $8.00 an hour. How many hours would she have to work to buy what she wants?	44	<pad> twenty-five</s>	-1
216	If she was willing to pay $165 a month for 12 months, how much would she have left over?	220	<pad> $650</s>	650
217	There are 4 roses in the pot. The dahlias in the pot are 7 more than the roses. How many flowers are in the pot altogether?	15	<pad> 11</s>	11
218	Adrian is three times the age of Harriet, and Harriet is half the age of Zack. Add up the ages of the three in three years if Harriet is now 21 years old.	45	<pad> Zack</s>	-1
219	Four students scored a total of 251 points in the board game. Naomi scored 68 points out of the total. Yuri scored 10 points more than Naomi and Brianna scored 17 points more than Naomi. How many points did Jojo get?	54	<pad> 101</s>	101
220	It took Carmen ten minutes to complete a crossword puzzle and five minutes to complete a sudoku puzzle. By the end of the week she had solved three crossword puzzles and eight sudoku puzzles. How much time did she spend playing these games?	70	<pad> a week</s>	-1
221	Celine used 90 liters of the water in the water tank for her small garden. Then she had the opportunity to collect twice as much rainwater. How many liters of water are in the water tank now?	90	<pad> 210</s>	210
222	Andy planted 90 geraniums and 40 fewer petunias than the number of geraniums. How many flowers did he plant in total?	140	<pad> 130</s>	130
223	One company spent $15,000 on advertising for one year, and then spent a third of that amount on advertising for another year. What was the total amount the company spent on advertising for two years?	20000	<pad> $50,000</s>	50000
224	Carlos and Benji are on the beach. Carlos will rent a boat for $30 an hour, and Benji will rent another type of boat for $18 an hour. If Carlos uses the boat for three hours and Benji uses the boat for five hours, how much will they pay for their trip in total?	180	<pad> $60</s>	60
225	Andrew planned a trip from New Jersey to Rochester. It would take him six days to travel by truck, he would take a car half the day to travel from New Jersey to Rochester. How many days would he travel if he planned to go to Rochester by truck and back from Rochester by car?	9	<pad> 7 days</s>	7
226	James is counting his Pokemon cards. He has 30 types of fire, 20 types of grass, and 40 types of water. If he loses 8 of the water types and buys 14 types of grass, what is the 100 percent chance (converted to the nearest number) that the randomly drawn card will be a type of water?	33	<pad> 40</s>	40
227	Chad bought a homemade burrito for lunch. The simple burrito was $6.50. He made additional meat for $2.00, additional milk for $1.00, avocado for $1.00 and two knives for $0.25 each. He decided to make his own food campaign for an additional $3.00 that would include snacks and drinks. He had a gift card for $5.00 that he used to pay for. How much did he eat?	9	<pad> a burrito</s>	-1
228	Kalinda is working on a 360 problem with her mother. Kalinda can add four sheets per minute. Your mother can add half as many sheets per minute. How many hours will it take them to complete this problem?	1	<pad> twenty-two</s>	-1
229	Ashlyn went to the farm after two months of planting and found that 30% of the watermelons were ripe, so she took them home. When she came back after two harvests, 3/4 of the dead melons were ripe, so she harvested them.	21	<pad> 70%</s>	70
230	Mark bought 12 cars for his company. Each car cost $20,000. He paid a 10% tax on the cars plus an additional $1000 for the registration of each one. How much did he pay for all of it?	276,000	<pad> $250,000</s>	250000
231	Kylie and Robert want to help each other go to the beach to catch crabs. On business days, Kylie collects five times as many crabs as Robert, who collects 20 times as many.	50	<pad> Robert</s>	-1
232	Dax went to their farm to pick some apples, and found lots of insects and maggots in the garden. He found half the number of insects in the garden.	75	<pad> Dax</s>	-1
233	There are 36 penguins on the ice sunbathing. One third of them jumped into the sea to bathe. Another third went into a cave. How many penguins remain sunbathing?	12	<pad> 18</s>	18
234	"Steve decides to eat a lot of tomatoes, and he decides to grow his own tomatoes. He eats twice as much as his girlfriend says he eats. He eats ten a day. If a tree produces six tomatoes, how many trees does it need?"""	21	<pad> six</s>	-1
235	John bought some pizza to share with his friends. There were 20 of them in total, and John wanted to make sure that you wrote down that there were 10 slices of each. A pizza usually has 10 slices of each. How many pizzas does John need to buy?	10	<pad> 20</s>	20
236	He discovered that he could save money by combining the ink from five finished pens into one unit. If he bought 25 pens and used them to find the colors of the finished pens, how many pens would he have in total?	31	<pad> 50</s>	50
237	Johnny took his $20 and added $10 to it. He made a loan with this money, which tripled in a year. How much money did he make after a year?	90	<pad> $30</s>	30
238	It took Joan two years to marry Mary and five years to marry Jessa - if Jessa is 20 years old, what is the average age of the women?	68	<pad> 30</s>	30
239	The number of pupils in a school building is 1000. The building has three entrances A, B, and C and they are the result. If you leave the meeting 30% of the pupils get the result A out of the building, the remaining 3/5 get the result B, and the dead get the result C, calculate the number of pupils who got the result C.	280	<pad> 3/5</s>	5
240	James has six more candies than Robert. John has two more candies than Robert. If John has 54 candies, how many more candies does John have than James?	21	<pad> two</s>	-1
241	Dolly has two books. Pandora has one. If Dolly and Pandora read each other's books and theirs, how many books would they end up reading in total?	6	<pad> 3</s>	3
242	Mike is best friends with five people. He stopped being friends with two of them. Each of them sends two letters a week with five pages each. He responds well. He can write one page in six minutes. How many hours does he spend writing a book a week?	3	<pad> twenty-five</s>	-1
243	Jason has a monthly communication plan of 1000 minutes. Every day he calls 15 minutes with his boss, and he has an extra 300 minutes this month with other people. How many minutes has Jason spent, if this month has 30 days?	250	<pad> 1000</s>	1000
244	Griffin has 24 french fries, but Kyle takes 5 of them. Billy gets twice as many as Kyle. Ginger gives Griffin some of her french fries, then Colby takes from Griffin, who gets three fewer than Kyle. If Griffin has 27 french fries, how many french fries does Ginger give to Griffin?	20	<pad> 5</s>	5
245	The difference between the number of shells is twice the number of fish in each shell. If the two shells have the same number of fish, how many fish are in each shell?	7	<pad> two fish</s>	-1
246	Jean was paid $250 an hour by a jean artist. She needed a very expensive cut for the film she was in and it took six hours to make every day and it needed to be made four times a week. The film took five weeks to complete. After the film was made the artist gave Jean a 10% discount for the amount of work done. What did Jean pay?	27000	<pad> $250 an hour</s>	250
247	Isabelle bought party supplies for her sister's birthday party. She spent $12 on the cake ingredients, $43 on birthday gifts, $15 on jewelry, $4 on pencils, and $22 on goodie bags for the party guests. She divided the amount three ways with both of her parents. How many dollars did each person pay?	32	<pad> $22</s>	22
248	A merchant bought four bags of onions. Each bag weighed 50 pounds. One bag of onions was $1.50. How much did the merchant spend?	300	<pad> $9.00</s>	9
249	On Business Day, Sue ate four times as many cookies as her sister. On Victory Day, she ate twice as many cookies as her sister. Her sister ate five cookies on Business Day and 13 the next day. If one cookie has 200 calories, how many calories does Sue eat more than her sister?	5,600	<pad> 1,200</s>	1200
